latitude_bin,time,pH,year
-80,1.0,,2011
-80,2.0,,2011
-80,3.0,,2011
-80,4.0,,2011
-80,5.0,,2011
-80,6.0,,2011
-80,7.0,,2011
-80,8.0,,2011
-80,9.0,,2011
-80,10.0,,2011
-80,11.0,,2011
-80,12.0,,2011
-70,1.0,8.098646074170519,2011
-70,2.0,8.107165957047888,2011
-70,3.0,8.082882357618534,2011
-70,4.0,8.060334016062958,2011
-70,5.0,8.05695586165431,2011
-70,6.0,8.055237597238241,2011
-70,7.0,8.055342962166284,2011
-70,8.0,8.055687075483485,2011
-70,9.0,8.054634904717286,2011
-70,10.0,8.052339760893824,2011
-70,11.0,8.05882577576566,2011
-70,12.0,8.075528086112946,2011
-60,1.0,8.09579974015634,2011
-60,2.0,8.088758099366045,2011
-60,3.0,8.081433984573694,2011
-60,4.0,8.053799774172095,2011
-60,5.0,8.049001048425579,2011
-60,6.0,8.046745845622167,2011
-60,7.0,8.046063848233718,2011
-60,8.0,8.045882544913779,2011
-60,9.0,8.051289129308191,2011
-60,10.0,8.053425167969294,2011
-60,11.0,8.061267894450152,2011
-60,12.0,8.073677231842993,2011
-50,1.0,8.078388038082823,2011
-50,2.0,8.075079625062875,2011
-50,3.0,8.072233665903113,2011
-50,4.0,8.066074680051598,2011
-50,5.0,8.045885977498916,2011
-50,6.0,8.04343953562386,2011
-50,7.0,8.041485076686952,2011
-50,8.0,8.049658323058274,2011
-50,9.0,8.05967949272051,2011
-50,10.0,8.06061113013498,2011
-50,11.0,8.068602916899103,2011
-50,12.0,8.075407023455128,2011
-40,1.0,8.086871396058648,2011
-40,2.0,8.08636191212022,2011
-40,3.0,8.086715973525353,2011
-40,4.0,8.08535550310794,2011
-40,5.0,8.080977954126311,2011
-40,6.0,8.073268694175978,2011
-40,7.0,8.070637808038152,2011
-40,8.0,8.070011794245639,2011
-40,9.0,8.067270017511643,2011
-40,10.0,8.07513261977565,2011
-40,11.0,8.084465768943039,2011
-40,12.0,8.089185329110379,2011
-30,1.0,8.062447353196836,2011
-30,2.0,8.060954497070641,2011
-30,3.0,8.067078748765566,2011
-30,4.0,8.07877359352301,2011
-30,5.0,8.087837853610663,2011
-30,6.0,8.093000174464567,2011
-30,7.0,8.095862663173765,2011
-30,8.0,8.094785606592431,2011
-30,9.0,8.094936367069662,2011
-30,10.0,8.095728494323177,2011
-30,11.0,8.089841379428087,2011
-30,12.0,8.078072990729199,2011
-20,1.0,8.058485022646162,2011
-20,2.0,8.055018434334729,2011
-20,3.0,8.0576936052761,2011
-20,4.0,8.065778806850908,2011
-20,5.0,8.077012389751326,2011
-20,6.0,8.087594972624442,2011
-20,7.0,8.092839896914349,2011
-20,8.0,8.094454755124481,2011
-20,9.0,8.09321454174401,2011
-20,10.0,8.087564658247807,2011
-20,11.0,8.075225199526898,2011
-20,12.0,8.065156114760027,2011
-10,1.0,8.05687045518882,2011
-10,2.0,8.055678619716053,2011
-10,3.0,8.054728632290852,2011
-10,4.0,8.05695669537951,2011
-10,5.0,8.061629224830382,2011
-10,6.0,8.068095061420177,2011
-10,7.0,8.07031401900994,2011
-10,8.0,8.07123032501105,2011
-10,9.0,8.06980750284537,2011
-10,10.0,8.06656528480898,2011
-10,11.0,8.06161584810702,2011
-10,12.0,8.055682712296061,2011
0,1.0,8.023884563708801,2011
0,2.0,8.024051493555124,2011
0,3.0,8.023099954239296,2011
0,4.0,8.024244760406209,2011
0,5.0,8.026668983445354,2011
0,6.0,8.027244768761436,2011
0,7.0,8.027286444039033,2011
0,8.0,8.028888224001124,2011
0,9.0,8.027846050780443,2011
0,10.0,8.025413002243337,2011
0,11.0,8.023644710971917,2011
0,12.0,8.023472395146129,2011
10,1.0,8.04633411363804,2011
10,2.0,8.045620107071267,2011
10,3.0,8.044907090031662,2011
10,4.0,8.042038994834293,2011
10,5.0,8.04263790411646,2011
10,6.0,8.043350173521068,2011
10,7.0,8.045991305779934,2011
10,8.0,8.046924382111886,2011
10,9.0,8.048494723902586,2011
10,10.0,8.050151768486943,2011
10,11.0,8.049409709512066,2011
10,12.0,8.048395321421058,2011
20,1.0,8.071943268568347,2011
20,2.0,8.073434930196688,2011
20,3.0,8.071452963538848,2011
20,4.0,8.065502071228707,2011
20,5.0,8.058562399195313,2011
20,6.0,8.054759439972617,2011
20,7.0,8.054607946190918,2011
20,8.0,8.053620497865618,2011
20,9.0,8.054825941202308,2011
20,10.0,8.057133261265223,2011
20,11.0,8.060743283251863,2011
20,12.0,8.067456585051477,2011
30,1.0,8.094629208337395,2011
30,2.0,8.097330408003138,2011
30,3.0,8.09596073197619,2011
30,4.0,8.088929370391703,2011
30,5.0,8.073838743996541,2011
30,6.0,8.057582103874257,2011
30,7.0,8.051916202305577,2011
30,8.0,8.049489510523184,2011
30,9.0,8.051403708942981,2011
30,10.0,8.059035667580746,2011
30,11.0,8.072983953418992,2011
30,12.0,8.085131670539448,2011
40,1.0,8.104732678958795,2011
40,2.0,8.103627209491046,2011
40,3.0,8.104181204858438,2011
40,4.0,8.104958419805612,2011
40,5.0,8.094790116032655,2011
40,6.0,8.072995929211991,2011
40,7.0,8.047986293267362,2011
40,8.0,8.037254644658375,2011
40,9.0,8.045971797959368,2011
40,10.0,8.069000552546761,2011
40,11.0,8.089722734276659,2011
40,12.0,8.102440546773183,2011
50,1.0,8.071303179114942,2011
50,2.0,8.06660453523545,2011
50,3.0,8.069223326535157,2011
50,4.0,8.080110951919822,2011
50,5.0,8.088402036736571,2011
50,6.0,8.085883679687711,2011
50,7.0,8.079431740475103,2011
50,8.0,8.071818656382524,2011
50,9.0,8.08170748184413,2011
50,10.0,8.090206517022922,2011
50,11.0,8.090463482253831,2011
50,12.0,8.081665601363664,2011
60,1.0,8.056841381904956,2011
60,2.0,8.06078312182143,2011
60,3.0,8.063100574230395,2011
60,4.0,8.07434944072502,2011
60,5.0,8.104478209067082,2011
60,6.0,8.122004166473447,2011
60,7.0,8.124817054199612,2011
60,8.0,8.123038078805214,2011
60,9.0,8.117678128829517,2011
60,10.0,8.095652311931975,2011
60,11.0,8.072183709729693,2011
60,12.0,8.06035996086654,2011
70,1.0,8.082073989376372,2011
70,2.0,8.083392832820772,2011
70,3.0,8.08644515069748,2011
70,4.0,8.100443626459658,2011
70,5.0,8.13914923835786,2011
70,6.0,8.163029739273131,2011
70,7.0,8.160352269497103,2011
70,8.0,8.151595757870622,2011
70,9.0,8.139877080609226,2011
70,10.0,8.115490223315502,2011
70,11.0,8.096944833831294,2011
70,12.0,8.086592857681161,2011
80,1.0,8.087367372705435,2011
80,2.0,8.087585550332019,2011
80,3.0,8.094636431469285,2011
80,4.0,8.10280289949921,2011
80,5.0,8.127945331228783,2011
80,6.0,8.147486867352859,2011
80,7.0,8.146357272758143,2011
80,8.0,8.139990486605411,2011
80,9.0,8.125690899585287,2011
80,10.0,8.111111768552648,2011
80,11.0,8.10889360238445,2011
80,12.0,8.1031407100768,2011
-80,1.0,,2012
-80,2.0,,2012
-80,3.0,,2012
-80,4.0,,2012
-80,5.0,,2012
-80,6.0,,2012
-80,7.0,,2012
-80,8.0,,2012
-80,9.0,,2012
-80,10.0,,2012
-80,11.0,,2012
-80,12.0,,2012
-70,1.0,8.085953506432917,2012
-70,2.0,8.088856785064616,2012
-70,3.0,8.07576981613924,2012
-70,4.0,8.05810125834039,2012
-70,5.0,8.05549222832318,2012
-70,6.0,8.05402760122434,2012
-70,7.0,8.054042209309058,2012
-70,8.0,8.053259239802198,2012
-70,9.0,8.052843878780672,2012
-70,10.0,8.050103483289236,2012
-70,11.0,8.056856988628777,2012
-70,12.0,8.08896266570341,2012
-60,1.0,8.085426009729145,2012
-60,2.0,8.083200111195993,2012
-60,3.0,8.078688253894772,2012
-60,4.0,8.051773302695391,2012
-60,5.0,8.048168407138316,2012
-60,6.0,8.0458998558276,2012
-60,7.0,8.044632511145087,2012
-60,8.0,8.044529206131012,2012
-60,9.0,8.049665013958753,2012
-60,10.0,8.052897701948712,2012
-60,11.0,8.060232273020407,2012
-60,12.0,8.073928561254732,2012
-50,1.0,8.075647674488618,2012
-50,2.0,8.073754644208577,2012
-50,3.0,8.067909178745063,2012
-50,4.0,8.062162321931112,2012
-50,5.0,8.043978467087348,2012
-50,6.0,8.040788020488757,2012
-50,7.0,8.037842564345866,2012
-50,8.0,8.046963895670372,2012
-50,9.0,8.05423713063453,2012
-50,10.0,8.057087423431453,2012
-50,11.0,8.067365943767474,2012
-50,12.0,8.07643607091884,2012
-40,1.0,8.084463627921433,2012
-40,2.0,8.083745689456745,2012
-40,3.0,8.082111401313396,2012
-40,4.0,8.08062938863882,2012
-40,5.0,8.07613877050846,2012
-40,6.0,8.071335415892932,2012
-40,7.0,8.067292203658582,2012
-40,8.0,8.066342233727932,2012
-40,9.0,8.065007547646793,2012
-40,10.0,8.073212143487115,2012
-40,11.0,8.081982775322597,2012
-40,12.0,8.084459221451443,2012
-30,1.0,8.066369742482033,2012
-30,2.0,8.062760209550987,2012
-30,3.0,8.069844287250994,2012
-30,4.0,8.080081772664155,2012
-30,5.0,8.088386292012029,2012
-30,6.0,8.09316429057859,2012
-30,7.0,8.094243454455311,2012
-30,8.0,8.094087443938244,2012
-30,9.0,8.093679632378098,2012
-30,10.0,8.094057380907998,2012
-30,11.0,8.087140650340842,2012
-30,12.0,8.076287032243066,2012
-20,1.0,8.05638133816447,2012
-20,2.0,8.053336610420263,2012
-20,3.0,8.056988160957145,2012
-20,4.0,8.067200221931094,2012
-20,5.0,8.076147290873998,2012
-20,6.0,8.085760237359553,2012
-20,7.0,8.091427963315345,2012
-20,8.0,8.094498797333838,2012
-20,9.0,8.09350077174914,2012
-20,10.0,8.084649157782017,2012
-20,11.0,8.070562010897813,2012
-20,12.0,8.063314205893594,2012
-10,1.0,8.053514780507935,2012
-10,2.0,8.051764207726297,2012
-10,3.0,8.05241350552622,2012
-10,4.0,8.056306154778332,2012
-10,5.0,8.059823961056068,2012
-10,6.0,8.06605028761391,2012
-10,7.0,8.070003473375555,2012
-10,8.0,8.072033800611301,2012
-10,9.0,8.070316448854825,2012
-10,10.0,8.067022847529445,2012
-10,11.0,8.060487252231916,2012
-10,12.0,8.055242666081522,2012
0,1.0,8.024512531928517,2012
0,2.0,8.022244721143528,2012
0,3.0,8.025095216545221,2012
0,4.0,8.025808905211402,2012
0,5.0,8.026345506688571,2012
0,6.0,8.027834252448,2012
0,7.0,8.030184134096679,2012
0,8.0,8.030328146143184,2012
0,9.0,8.030298585537693,2012
0,10.0,8.028731076242764,2012
0,11.0,8.027784565477218,2012
0,12.0,8.026442928664784,2012
10,1.0,8.046913720524907,2012
10,2.0,8.045701043540962,2012
10,3.0,8.042998405149719,2012
10,4.0,8.040340878498547,2012
10,5.0,8.039417369498665,2012
10,6.0,8.042252627670484,2012
10,7.0,8.044940988466713,2012
10,8.0,8.046705410714624,2012
10,9.0,8.048234834165358,2012
10,10.0,8.050026313276895,2012
10,11.0,8.049771886154927,2012
10,12.0,8.0493877447213,2012
20,1.0,8.071352342341532,2012
20,2.0,8.074410757781823,2012
20,3.0,8.071142451876876,2012
20,4.0,8.065255666337693,2012
20,5.0,8.056860496272618,2012
20,6.0,8.054418372622841,2012
20,7.0,8.05340140008218,2012
20,8.0,8.052537824596472,2012
20,9.0,8.052051840192322,2012
20,10.0,8.054464004952008,2012
20,11.0,8.058273424258031,2012
20,12.0,8.063882701149483,2012
30,1.0,8.092543962588808,2012
30,2.0,8.095310759081002,2012
30,3.0,8.09440483269703,2012
30,4.0,8.088784860868357,2012
30,5.0,8.073361823298507,2012
30,6.0,8.05721061173194,2012
30,7.0,8.05073461126233,2012
30,8.0,8.0481352222765,2012
30,9.0,8.049681956253517,2012
30,10.0,8.057359575700398,2012
30,11.0,8.07185603252561,2012
30,12.0,8.084822064145534,2012
40,1.0,8.102732664776607,2012
40,2.0,8.101234423255951,2012
40,3.0,8.102897091706938,2012
40,4.0,8.103606246747717,2012
40,5.0,8.092889984024085,2012
40,6.0,8.07051044598362,2012
40,7.0,8.044978110670906,2012
40,8.0,8.031837182342723,2012
40,9.0,8.042811871187244,2012
40,10.0,8.06783832798839,2012
40,11.0,8.089829761149673,2012
40,12.0,8.10098233723127,2012
50,1.0,8.068066831222467,2012
50,2.0,8.062323972270036,2012
50,3.0,8.06611365538861,2012
50,4.0,8.077546257148342,2012
50,5.0,8.0860298508146,2012
50,6.0,8.082873457707766,2012
50,7.0,8.075276226882874,2012
50,8.0,8.067673853152826,2012
50,9.0,8.074550335621542,2012
50,10.0,8.085308050428026,2012
50,11.0,8.086400842674554,2012
50,12.0,8.077827585319085,2012
60,1.0,8.055957724644625,2012
60,2.0,8.060708257325663,2012
60,3.0,8.062146867796326,2012
60,4.0,8.080600939430848,2012
60,5.0,8.116056081762082,2012
60,6.0,8.116700542903528,2012
60,7.0,8.11908701055337,2012
60,8.0,8.121770766833368,2012
60,9.0,8.116843050013456,2012
60,10.0,8.093595741948368,2012
60,11.0,8.074540187996854,2012
60,12.0,8.063126148662105,2012
70,1.0,8.083282450771359,2012
70,2.0,8.086824497433625,2012
70,3.0,8.086241258418397,2012
70,4.0,8.097835996055036,2012
70,5.0,8.137095877619364,2012
70,6.0,8.160032033885171,2012
70,7.0,8.155409222777337,2012
70,8.0,8.147711983889362,2012
70,9.0,8.133487016300448,2012
70,10.0,8.114700100100517,2012
70,11.0,8.094960176030277,2012
70,12.0,8.087032440233386,2012
80,1.0,8.087244156366898,2012
80,2.0,8.087184406392167,2012
80,3.0,8.092506263750819,2012
80,4.0,8.102998548834954,2012
80,5.0,8.125796570282853,2012
80,6.0,8.14375142588361,2012
80,7.0,8.145375460653495,2012
80,8.0,8.137629463172052,2012
80,9.0,8.121943098429666,2012
80,10.0,8.109089918923297,2012
80,11.0,8.10489877158641,2012
80,12.0,8.1033962505489,2012
-80,1.0,,2013
-80,2.0,,2013
-80,3.0,,2013
-80,4.0,,2013
-80,5.0,,2013
-80,6.0,,2013
-80,7.0,,2013
-80,8.0,,2013
-80,9.0,,2013
-80,10.0,,2013
-80,11.0,,2013
-80,12.0,,2013
-70,1.0,8.114913569889506,2013
-70,2.0,8.100138023008112,2013
-70,3.0,8.075338544943685,2013
-70,4.0,8.05778794708943,2013
-70,5.0,8.05242475265036,2013
-70,6.0,8.053275153210999,2013
-70,7.0,8.052825333874985,2013
-70,8.0,8.052203977140307,2013
-70,9.0,8.052297433115534,2013
-70,10.0,8.049537854153847,2013
-70,11.0,8.053949124152094,2013
-70,12.0,8.072261768777503,2013
-60,1.0,8.078802250907072,2013
-60,2.0,8.07481484973942,2013
-60,3.0,8.072841173205186,2013
-60,4.0,8.05223515427143,2013
-60,5.0,8.047394941334499,2013
-60,6.0,8.045371668784442,2013
-60,7.0,8.044234634716727,2013
-60,8.0,8.043825476585617,2013
-60,9.0,8.048094824358131,2013
-60,10.0,8.051809580905704,2013
-60,11.0,8.05753092113257,2013
-60,12.0,8.073753411554085,2013
-50,1.0,8.070904101062014,2013
-50,2.0,8.069907918660247,2013
-50,3.0,8.066914395711924,2013
-50,4.0,8.062453880166617,2013
-50,5.0,8.041697165931053,2013
-50,6.0,8.038491284406225,2013
-50,7.0,8.035981826458192,2013
-50,8.0,8.045278334848232,2013
-50,9.0,8.053431968431237,2013
-50,10.0,8.056406083133567,2013
-50,11.0,8.063850840385639,2013
-50,12.0,8.074745225821802,2013
-40,1.0,8.081513136896728,2013
-40,2.0,8.081324130310591,2013
-40,3.0,8.079347995781138,2013
-40,4.0,8.078120024371378,2013
-40,5.0,8.074187978674736,2013
-40,6.0,8.068411057432918,2013
-40,7.0,8.06456046398822,2013
-40,8.0,8.064069413042214,2013
-40,9.0,8.063528443589137,2013
-40,10.0,8.070454009252476,2013
-40,11.0,8.078838799926691,2013
-40,12.0,8.082961975564722,2013
-30,1.0,8.065365916782289,2013
-30,2.0,8.062691834804054,2013
-30,3.0,8.067183487200282,2013
-30,4.0,8.077418403169714,2013
-30,5.0,8.087136027408642,2013
-30,6.0,8.091192246583375,2013
-30,7.0,8.092191939118631,2013
-30,8.0,8.090904161490945,2013
-30,9.0,8.09053134819708,2013
-30,10.0,8.090896336776666,2013
-30,11.0,8.084108220879212,2013
-30,12.0,8.07185303591617,2013
-20,1.0,8.055433972938426,2013
-20,2.0,8.052726146578971,2013
-20,3.0,8.054946492463902,2013
-20,4.0,8.063444851214385,2013
-20,5.0,8.073737566997416,2013
-20,6.0,8.083389364584397,2013
-20,7.0,8.089182248155282,2013
-20,8.0,8.090181539333447,2013
-20,9.0,8.090758512216857,2013
-20,10.0,8.082040804880041,2013
-20,11.0,8.070395446384843,2013
-20,12.0,8.058757076514462,2013
-10,1.0,8.053678532283541,2013
-10,2.0,8.05008567800776,2013
-10,3.0,8.05144918121197,2013
-10,4.0,8.053333182712857,2013
-10,5.0,8.059072194037284,2013
-10,6.0,8.063772657879236,2013
-10,7.0,8.06656876473457,2013
-10,8.0,8.068803021709321,2013
-10,9.0,8.06823032240282,2013
-10,10.0,8.065570801008858,2013
-10,11.0,8.060296909149772,2013
-10,12.0,8.054893614002111,2013
0,1.0,8.02742150240975,2013
0,2.0,8.026675266692582,2013
0,3.0,8.025909658974575,2013
0,4.0,8.026206850938546,2013
0,5.0,8.026289014934914,2013
0,6.0,8.026554385532409,2013
0,7.0,8.026336785410706,2013
0,8.0,8.026212404078333,2013
0,9.0,8.02694435812252,2013
0,10.0,8.027021347634635,2013
0,11.0,8.02579922346251,2013
0,12.0,8.026903602893439,2013
10,1.0,8.048920143493392,2013
10,2.0,8.046374620696644,2013
10,3.0,8.04397007403317,2013
10,4.0,8.039952785777992,2013
10,5.0,8.039820966800463,2013
10,6.0,8.042040740289977,2013
10,7.0,8.043345302774735,2013
10,8.0,8.044921584790766,2013
10,9.0,8.046566592304357,2013
10,10.0,8.048381702002985,2013
10,11.0,8.048427219329136,2013
10,12.0,8.048629730402432,2013
20,1.0,8.069336316054654,2013
20,2.0,8.071510777768353,2013
20,3.0,8.069296652279021,2013
20,4.0,8.062276024268888,2013
20,5.0,8.053792310282882,2013
20,6.0,8.051580110604624,2013
20,7.0,8.050438900743623,2013
20,8.0,8.049335997610784,2013
20,9.0,8.049732982619677,2013
20,10.0,8.052161517666535,2013
20,11.0,8.05688276762393,2013
20,12.0,8.063345020347295,2013
30,1.0,8.092051751628132,2013
30,2.0,8.094195510630634,2013
30,3.0,8.093255558388222,2013
30,4.0,8.085733218991038,2013
30,5.0,8.07179701291224,2013
30,6.0,8.05571905899252,2013
30,7.0,8.046114631835826,2013
30,8.0,8.041933196962969,2013
30,9.0,8.0448701187535,2013
30,10.0,8.055101657166997,2013
30,11.0,8.068490100621176,2013
30,12.0,8.082631143518514,2013
40,1.0,8.10001096440812,2013
40,2.0,8.099339688624235,2013
40,3.0,8.101120149084311,2013
40,4.0,8.101306532497444,2013
40,5.0,8.091669093445496,2013
40,6.0,8.06965872406797,2013
40,7.0,8.043237346418813,2013
40,8.0,8.029744317485227,2013
40,9.0,8.040952319917889,2013
40,10.0,8.064761941377833,2013
40,11.0,8.086468728368414,2013
40,12.0,8.098875677946417,2013
50,1.0,8.06690262950921,2013
50,2.0,8.061056437232798,2013
50,3.0,8.062857731917898,2013
50,4.0,8.07401815161628,2013
50,5.0,8.085617049580902,2013
50,6.0,8.087866919710349,2013
50,7.0,8.07378052432156,2013
50,8.0,8.064518351679263,2013
50,9.0,8.073649672349594,2013
50,10.0,8.085692706704204,2013
50,11.0,8.08638164956448,2013
50,12.0,8.080758021673777,2013
60,1.0,8.055025574847175,2013
60,2.0,8.06015413586043,2013
60,3.0,8.060584835340048,2013
60,4.0,8.072927938361092,2013
60,5.0,8.10221683812392,2013
60,6.0,8.115540900411307,2013
60,7.0,8.122595353136791,2013
60,8.0,8.118820081278177,2013
60,9.0,8.114347420659934,2013
60,10.0,8.096068368583696,2013
60,11.0,8.073690217775415,2013
60,12.0,8.061949754951984,2013
70,1.0,8.08047080012648,2013
70,2.0,8.084543467560383,2013
70,3.0,8.084569460845861,2013
70,4.0,8.09465515113772,2013
70,5.0,8.12762520894597,2013
70,6.0,8.154579496598872,2013
70,7.0,8.157007868246128,2013
70,8.0,8.144599144958049,2013
70,9.0,8.132844130629989,2013
70,10.0,8.113418972460593,2013
70,11.0,8.092868044625913,2013
70,12.0,8.08249813089942,2013
80,1.0,8.084606989921983,2013
80,2.0,8.087405527925661,2013
80,3.0,8.088585406710118,2013
80,4.0,8.095689909805248,2013
80,5.0,8.124438575157544,2013
80,6.0,8.145422955911439,2013
80,7.0,8.141147418014011,2013
80,8.0,8.130678021339842,2013
80,9.0,8.120194561049292,2013
80,10.0,8.108331508799266,2013
80,11.0,8.104017412016898,2013
80,12.0,8.102510059249239,2013
-80,1.0,,2014
-80,2.0,,2014
-80,3.0,,2014
-80,4.0,,2014
-80,5.0,,2014
-80,6.0,,2014
-80,7.0,,2014
-80,8.0,,2014
-80,9.0,,2014
-80,10.0,,2014
-80,11.0,,2014
-80,12.0,,2014
-70,1.0,8.090661935115062,2014
-70,2.0,8.093610259034925,2014
-70,3.0,8.07324870152916,2014
-70,4.0,8.054040522328489,2014
-70,5.0,8.05094765596909,2014
-70,6.0,8.050428865792965,2014
-70,7.0,8.051744472133782,2014
-70,8.0,8.050673252128126,2014
-70,9.0,8.050497059664105,2014
-70,10.0,8.048938751540879,2014
-70,11.0,8.05260390998934,2014
-70,12.0,8.06796617828211,2014
-60,1.0,8.082956940939768,2014
-60,2.0,8.077084219597616,2014
-60,3.0,8.0732919244362,2014
-60,4.0,8.050445752130537,2014
-60,5.0,8.046293493653623,2014
-60,6.0,8.044483663193882,2014
-60,7.0,8.04357492181018,2014
-60,8.0,8.043581496229107,2014
-60,9.0,8.048360114087073,2014
-60,10.0,8.051207388875776,2014
-60,11.0,8.060030825143793,2014
-60,12.0,8.073181170824881,2014
-50,1.0,8.069821391358506,2014
-50,2.0,8.067960196813612,2014
-50,3.0,8.066592573668913,2014
-50,4.0,8.060492208865792,2014
-50,5.0,8.040667152148165,2014
-50,6.0,8.037621896046073,2014
-50,7.0,8.035862180422585,2014
-50,8.0,8.043215869672121,2014
-50,9.0,8.05150729598967,2014
-50,10.0,8.053525132415398,2014
-50,11.0,8.062437798416779,2014
-50,12.0,8.070459167383165,2014
-40,1.0,8.079944197979751,2014
-40,2.0,8.078941792162043,2014
-40,3.0,8.077268046371806,2014
-40,4.0,8.07595504910356,2014
-40,5.0,8.071331986809625,2014
-40,6.0,8.065575637413913,2014
-40,7.0,8.062433089785593,2014
-40,8.0,8.063541133050066,2014
-40,9.0,8.062962453317281,2014
-40,10.0,8.06849849784067,2014
-40,11.0,8.075817419895518,2014
-40,12.0,8.080899790961798,2014
-30,1.0,8.061986518371691,2014
-30,2.0,8.059025767041266,2014
-30,3.0,8.063628194175317,2014
-30,4.0,8.0732111830317,2014
-30,5.0,8.08327119063267,2014
-30,6.0,8.08798906099916,2014
-30,7.0,8.089417916357911,2014
-30,8.0,8.090938360231915,2014
-30,9.0,8.090184315544912,2014
-30,10.0,8.090903028114282,2014
-30,11.0,8.082485762066888,2014
-30,12.0,8.068880200220839,2014
-20,1.0,8.050732252852695,2014
-20,2.0,8.04917445493359,2014
-20,3.0,8.05361223364951,2014
-20,4.0,8.06286940300839,2014
-20,5.0,8.071982094890831,2014
-20,6.0,8.082037075519079,2014
-20,7.0,8.086272017639923,2014
-20,8.0,8.089832592954398,2014
-20,9.0,8.089850242480788,2014
-20,10.0,8.081505198983045,2014
-20,11.0,8.069663627023447,2014
-20,12.0,8.05951063259889,2014
-10,1.0,8.052843890507427,2014
-10,2.0,8.051315859412965,2014
-10,3.0,8.050052077209363,2014
-10,4.0,8.054040542296953,2014
-10,5.0,8.058905946811217,2014
-10,6.0,8.063905697886835,2014
-10,7.0,8.06680944941346,2014
-10,8.0,8.06846779767972,2014
-10,9.0,8.069721740550591,2014
-10,10.0,8.065560232921019,2014
-10,11.0,8.060434331014319,2014
-10,12.0,8.055021196220755,2014
0,1.0,8.026682556757684,2014
0,2.0,8.028420672607828,2014
0,3.0,8.025853419890934,2014
0,4.0,8.027203292683065,2014
0,5.0,8.027798112474953,2014
0,6.0,8.029557791717911,2014
0,7.0,8.029226659513723,2014
0,8.0,8.029445216759,2014
0,9.0,8.029337776566235,2014
0,10.0,8.028876206497142,2014
0,11.0,8.027977640550812,2014
0,12.0,8.029613380535626,2014
10,1.0,8.047786832683569,2014
10,2.0,8.046431362508809,2014
10,3.0,8.045080627400072,2014
10,4.0,8.041042296602614,2014
10,5.0,8.040495624136332,2014
10,6.0,8.042953616750355,2014
10,7.0,8.045789680853062,2014
10,8.0,8.047471771607965,2014
10,9.0,8.048936341694583,2014
10,10.0,8.05065497584114,2014
10,11.0,8.051766862041438,2014
10,12.0,8.051761317749717,2014
20,1.0,8.068151705318101,2014
20,2.0,8.070886379982841,2014
20,3.0,8.068775094260761,2014
20,4.0,8.06213457343663,2014
20,5.0,8.05304478216456,2014
20,6.0,8.047270993461938,2014
20,7.0,8.048601911509783,2014
20,8.0,8.04796745141182,2014
20,9.0,8.048358495583601,2014
20,10.0,8.05004426227729,2014
20,11.0,8.055439268804415,2014
20,12.0,8.062152692386729,2014
30,1.0,8.089801786680304,2014
30,2.0,8.092231528238885,2014
30,3.0,8.091992191228337,2014
30,4.0,8.084614591038674,2014
30,5.0,8.070220867011985,2014
30,6.0,8.053731973849644,2014
30,7.0,8.041715430628123,2014
30,8.0,8.03684550564471,2014
30,9.0,8.036590155543156,2014
30,10.0,8.048295019733043,2014
30,11.0,8.065404904448098,2014
30,12.0,8.08009888348803,2014
40,1.0,8.098577186351147,2014
40,2.0,8.098476620515886,2014
40,3.0,8.099698880144082,2014
40,4.0,8.099925402522016,2014
40,5.0,8.088678935340788,2014
40,6.0,8.068288986393421,2014
40,7.0,8.042586525263527,2014
40,8.0,8.027939329842521,2014
40,9.0,8.0377609347834,2014
40,10.0,8.06299967201269,2014
40,11.0,8.084524540944447,2014
40,12.0,8.09675101492687,2014
50,1.0,8.068571458401602,2014
50,2.0,8.063335150791174,2014
50,3.0,8.064397607326041,2014
50,4.0,8.076951315543292,2014
50,5.0,8.084940642021449,2014
50,6.0,8.08399974793558,2014
50,7.0,8.073218807875437,2014
50,8.0,8.06598457411226,2014
50,9.0,8.07229508486563,2014
50,10.0,8.082668184339866,2014
50,11.0,8.081827402418675,2014
50,12.0,8.072577782006277,2014
60,1.0,8.055871431656218,2014
60,2.0,8.060069816339968,2014
60,3.0,8.060348747125843,2014
60,4.0,8.069870641839781,2014
60,5.0,8.104270207385278,2014
60,6.0,8.117446490956766,2014
60,7.0,8.118696229624156,2014
60,8.0,8.11531042235966,2014
60,9.0,8.112486177892404,2014
60,10.0,8.09559886566799,2014
60,11.0,8.072748073545203,2014
60,12.0,8.060620997197015,2014
70,1.0,8.078547071933244,2014
70,2.0,8.079000676660563,2014
70,3.0,8.08076669775786,2014
70,4.0,8.094630830548606,2014
70,5.0,8.14020796105153,2014
70,6.0,8.155764428309492,2014
70,7.0,8.152340453481866,2014
70,8.0,8.142079300762427,2014
70,9.0,8.1323148789342,2014
70,10.0,8.111754098202638,2014
70,11.0,8.094614906899261,2014
70,12.0,8.07940405884964,2014
80,1.0,8.083612969858503,2014
80,2.0,8.084346629378645,2014
80,3.0,8.088048735951453,2014
80,4.0,8.094614930356872,2014
80,5.0,8.11954708503876,2014
80,6.0,8.140675974173535,2014
80,7.0,8.140473156245156,2014
80,8.0,8.130710454602633,2014
80,9.0,8.11816463596079,2014
80,10.0,8.109004474536349,2014
80,11.0,8.105587712067322,2014
80,12.0,8.100617752297088,2014
-80,1.0,,2015
-80,2.0,,2015
-80,3.0,,2015
-80,4.0,,2015
-80,5.0,,2015
-80,6.0,,2015
-80,7.0,,2015
-80,8.0,,2015
-80,9.0,,2015
-80,10.0,,2015
-80,11.0,,2015
-80,12.0,,2015
-70,1.0,8.078816171436275,2015
-70,2.0,8.084285761938988,2015
-70,3.0,8.068209652583262,2015
-70,4.0,8.054983396299123,2015
-70,5.0,8.051911170115654,2015
-70,6.0,8.049960101400746,2015
-70,7.0,8.0524373059873,2015
-70,8.0,8.051078736438015,2015
-70,9.0,8.050688006822865,2015
-70,10.0,8.04837542087788,2015
-70,11.0,8.055567378792272,2015
-70,12.0,8.076870182888845,2015
-60,1.0,8.080581131259368,2015
-60,2.0,8.07860329003376,2015
-60,3.0,8.07257670653016,2015
-60,4.0,8.04970012364839,2015
-60,5.0,8.046473422049575,2015
-60,6.0,8.044312462654966,2015
-60,7.0,8.043233732122307,2015
-60,8.0,8.042703674343796,2015
-60,9.0,8.04730088732028,2015
-60,10.0,8.050142575125268,2015
-60,11.0,8.058469107059159,2015
-60,12.0,8.07705314850291,2015
-50,1.0,8.069786395038157,2015
-50,2.0,8.066710614642771,2015
-50,3.0,8.063679770894455,2015
-50,4.0,8.057479644198514,2015
-50,5.0,8.038976337880628,2015
-50,6.0,8.035259512006869,2015
-50,7.0,8.033271119528242,2015
-50,8.0,8.03964656108401,2015
-50,9.0,8.048874384569666,2015
-50,10.0,8.052098924704314,2015
-50,11.0,8.059946357398267,2015
-50,12.0,8.070488564281076,2015
-40,1.0,8.076067072138772,2015
-40,2.0,8.076364641277685,2015
-40,3.0,8.077524032977886,2015
-40,4.0,8.075469915603543,2015
-40,5.0,8.069481629502308,2015
-40,6.0,8.063465941599874,2015
-40,7.0,8.060061623809842,2015
-40,8.0,8.060566900690057,2015
-40,9.0,8.060679541189232,2015
-40,10.0,8.064803308989033,2015
-40,11.0,8.074482118129966,2015
-40,12.0,8.079345402691436,2015
-30,1.0,8.05843981607279,2015
-30,2.0,8.055959114499432,2015
-30,3.0,8.061750872439628,2015
-30,4.0,8.07280871502346,2015
-30,5.0,8.082961808524088,2015
-30,6.0,8.088049485855274,2015
-30,7.0,8.089417238899062,2015
-30,8.0,8.09003081024887,2015
-30,9.0,8.089615928857972,2015
-30,10.0,8.088625558947154,2015
-30,11.0,8.079955669421768,2015
-30,12.0,8.068299298179081,2015
-20,1.0,8.048486843096512,2015
-20,2.0,8.047196620016406,2015
-20,3.0,8.050083440274431,2015
-20,4.0,8.058456055655716,2015
-20,5.0,8.069791657194308,2015
-20,6.0,8.07999830516271,2015
-20,7.0,8.085379778523782,2015
-20,8.0,8.089338874021724,2015
-20,9.0,8.087280330599253,2015
-20,10.0,8.0788161345231,2015
-20,11.0,8.067722650390168,2015
-20,12.0,8.054488192817896,2015
-10,1.0,8.050376217204844,2015
-10,2.0,8.049812561851148,2015
-10,3.0,8.049133237817994,2015
-10,4.0,8.05197231218984,2015
-10,5.0,8.058158251971195,2015
-10,6.0,8.062756757266744,2015
-10,7.0,8.066157795598556,2015
-10,8.0,8.06806373544252,2015
-10,9.0,8.067200715826228,2015
-10,10.0,8.064250822602864,2015
-10,11.0,8.059036770871709,2015
-10,12.0,8.051579307697176,2015
0,1.0,8.029403171500157,2015
0,2.0,8.02887826826832,2015
0,3.0,8.02704044149059,2015
0,4.0,8.027259496422634,2015
0,5.0,8.028886430793559,2015
0,6.0,8.030008199598193,2015
0,7.0,8.03059189427067,2015
0,8.0,8.032274143763932,2015
0,9.0,8.03445485768218,2015
0,10.0,8.034244304773836,2015
0,11.0,8.034172103257047,2015
0,12.0,8.03411526355498,2015
10,1.0,8.050846790608459,2015
10,2.0,8.048296217121276,2015
10,3.0,8.045435322842437,2015
10,4.0,8.0410960544144,2015
10,5.0,8.040776024378214,2015
10,6.0,8.043471260266102,2015
10,7.0,8.046195663875709,2015
10,8.0,8.049556072605222,2015
10,9.0,8.050466134854801,2015
10,10.0,8.052374678949835,2015
10,11.0,8.05101859110105,2015
10,12.0,8.051762070182894,2015
20,1.0,8.067049774820362,2015
20,2.0,8.06959592072857,2015
20,3.0,8.06776500141084,2015
20,4.0,8.061782709567606,2015
20,5.0,8.054467880206959,2015
20,6.0,8.049763011051965,2015
20,7.0,8.048067658686413,2015
20,8.0,8.04488353484541,2015
20,9.0,8.042684645279886,2015
20,10.0,8.046822264915463,2015
20,11.0,8.05425850035819,2015
20,12.0,8.060922000717989,2015
30,1.0,8.088271985509422,2015
30,2.0,8.092268294670912,2015
30,3.0,8.090498284384479,2015
30,4.0,8.08200090863802,2015
30,5.0,8.064021468763913,2015
30,6.0,8.047590560245071,2015
30,7.0,8.038551798213568,2015
30,8.0,8.033785592125284,2015
30,9.0,8.035352689955385,2015
30,10.0,8.047262000898671,2015
30,11.0,8.062966359104482,2015
30,12.0,8.076774658186203,2015
40,1.0,8.09655041658241,2015
40,2.0,8.096134491414105,2015
40,3.0,8.097645338758566,2015
40,4.0,8.097762798015609,2015
40,5.0,8.08591978334549,2015
40,6.0,8.06154315465745,2015
40,7.0,8.03508514579354,2015
40,8.0,8.024019592911479,2015
40,9.0,8.037123568890818,2015
40,10.0,8.060560746932428,2015
40,11.0,8.080960722017286,2015
40,12.0,8.094564512687588,2015
50,1.0,8.061607871009285,2015
50,2.0,8.057455758159701,2015
50,3.0,8.061501924451695,2015
50,4.0,8.073518338229148,2015
50,5.0,8.08367622315852,2015
50,6.0,8.078649155420424,2015
50,7.0,8.072929487571573,2015
50,8.0,8.064324295894261,2015
50,9.0,8.070112592122175,2015
50,10.0,8.08118534682328,2015
50,11.0,8.081314078094847,2015
50,12.0,8.071116356457887,2015
60,1.0,8.055165039947045,2015
60,2.0,8.060055132983786,2015
60,3.0,8.060002954336973,2015
60,4.0,8.067826646390875,2015
60,5.0,8.10106707774109,2015
60,6.0,8.1156255558332,2015
60,7.0,8.114568771174422,2015
60,8.0,8.109967005878364,2015
60,9.0,8.10671737644176,2015
60,10.0,8.091963336871045,2015
60,11.0,8.068377460358311,2015
60,12.0,8.056748494251758,2015
70,1.0,8.0754655265915,2015
70,2.0,8.07632922241235,2015
70,3.0,8.076422567702345,2015
70,4.0,8.086979674245628,2015
70,5.0,8.122597594934994,2015
70,6.0,8.153260550901397,2015
70,7.0,8.146404805259914,2015
70,8.0,8.139766314195171,2015
70,9.0,8.128309302698607,2015
70,10.0,8.108954435488043,2015
70,11.0,8.090866773406036,2015
70,12.0,8.078571001909893,2015
80,1.0,8.081710171294022,2015
80,2.0,8.080526436991022,2015
80,3.0,8.0842290920876,2015
80,4.0,8.091421527045743,2015
80,5.0,8.1167104760581,2015
80,6.0,8.138462401798169,2015
80,7.0,8.135769369090832,2015
80,8.0,8.127829922552616,2015
80,9.0,8.115559750906217,2015
80,10.0,8.105016611363242,2015
80,11.0,8.103322931349906,2015
80,12.0,8.099044702475076,2015
-80,1.0,,2016
-80,2.0,,2016
-80,3.0,,2016
-80,4.0,,2016
-80,5.0,,2016
-80,6.0,,2016
-80,7.0,,2016
-80,8.0,,2016
-80,9.0,,2016
-80,10.0,,2016
-80,11.0,,2016
-80,12.0,,2016
-70,1.0,8.089180992061628,2016
-70,2.0,8.100246006151972,2016
-70,3.0,8.072490693745603,2016
-70,4.0,8.05470586195732,2016
-70,5.0,8.051737145095634,2016
-70,6.0,8.04981318157683,2016
-70,7.0,8.051732764771124,2016
-70,8.0,8.050375723880157,2016
-70,9.0,8.05097023389051,2016
-70,10.0,8.048533646177024,2016
-70,11.0,8.055772823634308,2016
-70,12.0,8.084532251013064,2016
-60,1.0,8.090986627277719,2016
-60,2.0,8.088572363747172,2016
-60,3.0,8.076259857460803,2016
-60,4.0,8.050144453852289,2016
-60,5.0,8.0460467165153,2016
-60,6.0,8.043841464954584,2016
-60,7.0,8.043448548671005,2016
-60,8.0,8.043014772266796,2016
-60,9.0,8.04722494484108,2016
-60,10.0,8.052720000777043,2016
-60,11.0,8.064619660981512,2016
-60,12.0,8.076835753115809,2016
-50,1.0,8.071387825086651,2016
-50,2.0,8.067117077316105,2016
-50,3.0,8.06025978968317,2016
-50,4.0,8.055069116251419,2016
-50,5.0,8.037489293822798,2016
-50,6.0,8.03326802073687,2016
-50,7.0,8.031863845663182,2016
-50,8.0,8.040284325787749,2016
-50,9.0,8.045936733001552,2016
-50,10.0,8.051177041798175,2016
-50,11.0,8.059872322209165,2016
-50,12.0,8.066730052582264,2016
-40,1.0,8.07782240668961,2016
-40,2.0,8.075358245677572,2016
-40,3.0,8.073691568862264,2016
-40,4.0,8.07170293763135,2016
-40,5.0,8.06506893530045,2016
-40,6.0,8.060703635445202,2016
-40,7.0,8.057288200751827,2016
-40,8.0,8.057348312225573,2016
-40,9.0,8.059249735915328,2016
-40,10.0,8.066033230195844,2016
-40,11.0,8.072123238084675,2016
-40,12.0,8.07689969335355,2016
-30,1.0,8.058557923701619,2016
-30,2.0,8.056476638408927,2016
-30,3.0,8.059112635948688,2016
-30,4.0,8.069633319947393,2016
-30,5.0,8.079387115885124,2016
-30,6.0,8.083950406308894,2016
-30,7.0,8.08483850164827,2016
-30,8.0,8.084311502457194,2016
-30,9.0,8.08478727609163,2016
-30,10.0,8.083956372772416,2016
-30,11.0,8.077009374277015,2016
-30,12.0,8.067054550063977,2016
-20,1.0,8.046646114906013,2016
-20,2.0,8.04510259960228,2016
-20,3.0,8.04792374602997,2016
-20,4.0,8.05653915536457,2016
-20,5.0,8.065101564354647,2016
-20,6.0,8.07685595373266,2016
-20,7.0,8.08056245214643,2016
-20,8.0,8.08387052198109,2016
-20,9.0,8.08159750013388,2016
-20,10.0,8.07410353234626,2016
-20,11.0,8.064006690661413,2016
-20,12.0,8.052529994126338,2016
-10,1.0,8.047371763085723,2016
-10,2.0,8.044985176010295,2016
-10,3.0,8.044530230109121,2016
-10,4.0,8.047581979170428,2016
-10,5.0,8.051032232422003,2016
-10,6.0,8.05732171475873,2016
-10,7.0,8.06231547166616,2016
-10,8.0,8.065053004944295,2016
-10,9.0,8.063863483335048,2016
-10,10.0,8.06155554680496,2016
-10,11.0,8.056176196082157,2016
-10,12.0,8.051465272814486,2016
0,1.0,8.03277190523127,2016
0,2.0,8.033340527890923,2016
0,3.0,8.030273157142593,2016
0,4.0,8.027788198543107,2016
0,5.0,8.024771532929712,2016
0,6.0,8.024623534511589,2016
0,7.0,8.024753555577107,2016
0,8.0,8.023982186702865,2016
0,9.0,8.024732596074369,2016
0,10.0,8.021885820093411,2016
0,11.0,8.020989180581756,2016
0,12.0,8.022715221628912,2016
10,1.0,8.052180660784874,2016
10,2.0,8.049690279589496,2016
10,3.0,8.04515512592783,2016
10,4.0,8.03877401371664,2016
10,5.0,8.037238337415477,2016
10,6.0,8.039149154298723,2016
10,7.0,8.041935410676993,2016
10,8.0,8.044509653953668,2016
10,9.0,8.045470880403734,2016
10,10.0,8.046284529739038,2016
10,11.0,8.046257593574541,2016
10,12.0,8.046944430132914,2016
20,1.0,8.065989443193827,2016
20,2.0,8.068295184778256,2016
20,3.0,8.064757042907065,2016
20,4.0,8.058602781845075,2016
20,5.0,8.050827798462098,2016
20,6.0,8.045246094108212,2016
20,7.0,8.043620673660035,2016
20,8.0,8.04342730359415,2016
20,9.0,8.044270221954019,2016
20,10.0,8.048794870204677,2016
20,11.0,8.054865622428744,2016
20,12.0,8.061014139023152,2016
30,1.0,8.084225033902806,2016
30,2.0,8.08812983243495,2016
30,3.0,8.087885437106635,2016
30,4.0,8.078856901673982,2016
30,5.0,8.062249645007423,2016
30,6.0,8.045456449588459,2016
30,7.0,8.037953580977366,2016
30,8.0,8.036606640229774,2016
30,9.0,8.038903863773173,2016
30,10.0,8.04710536643595,2016
30,11.0,8.061974182945878,2016
30,12.0,8.075902784885036,2016
40,1.0,8.095322516712244,2016
40,2.0,8.094780498293042,2016
40,3.0,8.095756343622595,2016
40,4.0,8.094960228153235,2016
40,5.0,8.083576431771178,2016
40,6.0,8.063569516949418,2016
40,7.0,8.037556863246062,2016
40,8.0,8.02695200092428,2016
40,9.0,8.033517076376212,2016
40,10.0,8.05623295610719,2016
40,11.0,8.080105966895434,2016
40,12.0,8.092397331309826,2016
50,1.0,8.060589480332842,2016
50,2.0,8.055480399291197,2016
50,3.0,8.056474303181025,2016
50,4.0,8.068747929045292,2016
50,5.0,8.078985771059642,2016
50,6.0,8.077715438751126,2016
50,7.0,8.070618236273134,2016
50,8.0,8.06051499170442,2016
50,9.0,8.065709518697899,2016
50,10.0,8.077554861150244,2016
50,11.0,8.072506829746892,2016
50,12.0,8.063718318085835,2016
60,1.0,8.052017518445208,2016
60,2.0,8.054354162881985,2016
60,3.0,8.055988226092142,2016
60,4.0,8.063561518841192,2016
60,5.0,8.100062730518719,2016
60,6.0,8.106771790639646,2016
60,7.0,8.106108249833817,2016
60,8.0,8.112036561784954,2016
60,9.0,8.107740044368281,2016
60,10.0,8.088950184472766,2016
60,11.0,8.069336163420163,2016
60,12.0,8.053687786308114,2016
70,1.0,8.07428820473937,2016
70,2.0,8.075697057872226,2016
70,3.0,8.078899415849511,2016
70,4.0,8.091193535640596,2016
70,5.0,8.125781975611664,2016
70,6.0,8.147885617766418,2016
70,7.0,8.144915337780077,2016
70,8.0,8.136600623963288,2016
70,9.0,8.126581093839803,2016
70,10.0,8.10667357013552,2016
70,11.0,8.08737284679567,2016
70,12.0,8.074850760623244,2016
80,1.0,8.078713635483671,2016
80,2.0,8.078308107802854,2016
80,3.0,8.08184742972379,2016
80,4.0,8.088902474998408,2016
80,5.0,8.115383615936494,2016
80,6.0,8.137143550523165,2016
80,7.0,8.128579523092126,2016
80,8.0,8.121302949882656,2016
80,9.0,8.111428098708156,2016
80,10.0,8.103317082696602,2016
80,11.0,8.101577747383203,2016
80,12.0,8.09858084286862,2016
-80,1.0,,2017
-80,2.0,,2017
-80,3.0,,2017
-80,4.0,,2017
-80,5.0,,2017
-80,6.0,,2017
-80,7.0,,2017
-80,8.0,,2017
-80,9.0,,2017
-80,10.0,,2017
-80,11.0,,2017
-80,12.0,,2017
-70,1.0,8.102278905826227,2017
-70,2.0,8.100737045943303,2017
-70,3.0,8.080979483824715,2017
-70,4.0,8.060021215232059,2017
-70,5.0,8.054777960922367,2017
-70,6.0,8.051924751578058,2017
-70,7.0,8.052112237914526,2017
-70,8.0,8.051042704932227,2017
-70,9.0,8.052545525865842,2017
-70,10.0,8.048794363151938,2017
-70,11.0,8.055525588204443,2017
-70,12.0,8.07862174570891,2017
-60,1.0,8.080574749934398,2017
-60,2.0,8.07563178513179,2017
-60,3.0,8.071078004197851,2017
-60,4.0,8.051683673368313,2017
-60,5.0,8.045976559498863,2017
-60,6.0,8.043459321686726,2017
-60,7.0,8.042699215021866,2017
-60,8.0,8.04207726397017,2017
-60,9.0,8.04621224721756,2017
-60,10.0,8.050082885469612,2017
-60,11.0,8.060884932245488,2017
-60,12.0,8.077498238641127,2017
-50,1.0,8.063345891625406,2017
-50,2.0,8.06156610223471,2017
-50,3.0,8.059717502091576,2017
-50,4.0,8.054411432400618,2017
-50,5.0,8.035960012773112,2017
-50,6.0,8.033191615856891,2017
-50,7.0,8.031401842828226,2017
-50,8.0,8.039206614863991,2017
-50,9.0,8.04688278298931,2017
-50,10.0,8.049834406039174,2017
-50,11.0,8.057515363470294,2017
-50,12.0,8.06321676394009,2017
-40,1.0,8.075189094553583,2017
-40,2.0,8.075406856415741,2017
-40,3.0,8.07353089653755,2017
-40,4.0,8.072651811803583,2017
-40,5.0,8.066396940217391,2017
-40,6.0,8.05930005352223,2017
-40,7.0,8.057122275692763,2017
-40,8.0,8.059352936208235,2017
-40,9.0,8.058637570980885,2017
-40,10.0,8.062080276882645,2017
-40,11.0,8.069093658535209,2017
-40,12.0,8.074928384272672,2017
-30,1.0,8.056434735951232,2017
-30,2.0,8.052097880090253,2017
-30,3.0,8.057027636500093,2017
-30,4.0,8.068279955491928,2017
-30,5.0,8.079052101891445,2017
-30,6.0,8.081861876102105,2017
-30,7.0,8.083039415457966,2017
-30,8.0,8.083548900683763,2017
-30,9.0,8.08313700528031,2017
-30,10.0,8.081219196386776,2017
-30,11.0,8.073409429706327,2017
-30,12.0,8.061276106204438,2017
-20,1.0,8.04119351489021,2017
-20,2.0,8.040481827950101,2017
-20,3.0,8.045075804054559,2017
-20,4.0,8.054840321972154,2017
-20,5.0,8.067573254784936,2017
-20,6.0,8.075829018855009,2017
-20,7.0,8.081742166164952,2017
-20,8.0,8.082878878453629,2017
-20,9.0,8.082635614436937,2017
-20,10.0,8.075246983488684,2017
-20,11.0,8.063160523790836,2017
-20,12.0,8.0530171813476,2017
-10,1.0,8.04696004249442,2017
-10,2.0,8.04719516359652,2017
-10,3.0,8.04658182290986,2017
-10,4.0,8.049353650710735,2017
-10,5.0,8.055855691800959,2017
-10,6.0,8.061222248421066,2017
-10,7.0,8.064460859887093,2017
-10,8.0,8.065557014692832,2017
-10,9.0,8.066119217277313,2017
-10,10.0,8.061255508866445,2017
-10,11.0,8.055481204688506,2017
-10,12.0,8.050002458727148,2017
0,1.0,8.022232646750062,2017
0,2.0,8.022366505541155,2017
0,3.0,8.021487324000514,2017
0,4.0,8.024027271880652,2017
0,5.0,8.025407597917916,2017
0,6.0,8.024239213292379,2017
0,7.0,8.025395276507236,2017
0,8.0,8.02448435506612,2017
0,9.0,8.022276769771555,2017
0,10.0,8.020254140029826,2017
0,11.0,8.020187804330714,2017
0,12.0,8.020747309634157,2017
10,1.0,8.04603396529889,2017
10,2.0,8.04312859568142,2017
10,3.0,8.039722425991982,2017
10,4.0,8.035376170348224,2017
10,5.0,8.034837611975572,2017
10,6.0,8.037035826163958,2017
10,7.0,8.040937472105734,2017
10,8.0,8.04184699515733,2017
10,9.0,8.043010780302666,2017
10,10.0,8.04483504178027,2017
10,11.0,8.045998306392521,2017
10,12.0,8.045145340281145,2017
20,1.0,8.06476295825389,2017
20,2.0,8.066927843183024,2017
20,3.0,8.06484411753131,2017
20,4.0,8.058016978255294,2017
20,5.0,8.05021395100553,2017
20,6.0,8.045624313244145,2017
20,7.0,8.045176439772328,2017
20,8.0,8.042222004035485,2017
20,9.0,8.042843409650816,2017
20,10.0,8.046192826706271,2017
20,11.0,8.051959991181453,2017
20,12.0,8.059839954912032,2017
30,1.0,8.0842146216106,2017
30,2.0,8.087810901052464,2017
30,3.0,8.086114077115061,2017
30,4.0,8.076965960654496,2017
30,5.0,8.061560322475145,2017
30,6.0,8.04345628907007,2017
30,7.0,8.03504538948159,2017
30,8.0,8.031725926213644,2017
30,9.0,8.033677754884117,2017
30,10.0,8.046242900010641,2017
30,11.0,8.061109307861338,2017
30,12.0,8.074537007567141,2017
40,1.0,8.093881453129269,2017
40,2.0,8.093524529580655,2017
40,3.0,8.093807534762973,2017
40,4.0,8.09348867009953,2017
40,5.0,8.082234679696995,2017
40,6.0,8.058095164411274,2017
40,7.0,8.031356612509093,2017
40,8.0,8.02010426369729,2017
40,9.0,8.031921326120742,2017
40,10.0,8.055291417384812,2017
40,11.0,8.076897080675048,2017
40,12.0,8.090570608962427,2017
50,1.0,8.05612014603712,2017
50,2.0,8.051661685677901,2017
50,3.0,8.055096244286862,2017
50,4.0,8.070397709607304,2017
50,5.0,8.078144640996147,2017
50,6.0,8.077845120751814,2017
50,7.0,8.070465961287548,2017
50,8.0,8.062290680404782,2017
50,9.0,8.066807935052044,2017
50,10.0,8.074753983104621,2017
50,11.0,8.074932304933826,2017
50,12.0,8.065627185592504,2017
60,1.0,8.049842703026194,2017
60,2.0,8.05511455998345,2017
60,3.0,8.057600765192717,2017
60,4.0,8.065354997958197,2017
60,5.0,8.090829352816987,2017
60,6.0,8.106250999468541,2017
60,7.0,8.102500764584056,2017
60,8.0,8.101281384359217,2017
60,9.0,8.097159480599027,2017
60,10.0,8.082937572635377,2017
60,11.0,8.063091105529008,2017
60,12.0,8.054582671850849,2017
70,1.0,8.071019586833051,2017
70,2.0,8.071017436189932,2017
70,3.0,8.073073337345722,2017
70,4.0,8.083682689262725,2017
70,5.0,8.119941637675637,2017
70,6.0,8.141109942538042,2017
70,7.0,8.141894800421172,2017
70,8.0,8.134708804227714,2017
70,9.0,8.126267502405218,2017
70,10.0,8.108477763196083,2017
70,11.0,8.084661923591145,2017
70,12.0,8.076155055506721,2017
80,1.0,8.074682083405982,2017
80,2.0,8.074484444672379,2017
80,3.0,8.07990248208223,2017
80,4.0,8.088213623571038,2017
80,5.0,8.108339600641331,2017
80,6.0,8.133332285422465,2017
80,7.0,8.129309693425888,2017
80,8.0,8.122385021454624,2017
80,9.0,8.111307654179267,2017
80,10.0,8.101607578280056,2017
80,11.0,8.098440229522131,2017
80,12.0,8.096803719725521,2017
-80,1.0,,2018
-80,2.0,,2018
-80,3.0,,2018
-80,4.0,,2018
-80,5.0,,2018
-80,6.0,,2018
-80,7.0,,2018
-80,8.0,,2018
-80,9.0,,2018
-80,10.0,,2018
-80,11.0,,2018
-80,12.0,,2018
-70,1.0,8.089628905786304,2018
-70,2.0,8.092035160858883,2018
-70,3.0,8.075418281237498,2018
-70,4.0,8.055095213976964,2018
-70,5.0,8.053222077620775,2018
-70,6.0,8.050295640879083,2018
-70,7.0,8.0520362619071,2018
-70,8.0,8.051464961009522,2018
-70,9.0,8.050758218566322,2018
-70,10.0,8.048122816644831,2018
-70,11.0,8.055729078707603,2018
-70,12.0,8.070449970327754,2018
-60,1.0,8.082105823998816,2018
-60,2.0,8.077849649907812,2018
-60,3.0,8.071817009462103,2018
-60,4.0,8.0512723786706,2018
-60,5.0,8.045357696790958,2018
-60,6.0,8.042935721830817,2018
-60,7.0,8.042116265469735,2018
-60,8.0,8.041810066352685,2018
-60,9.0,8.046250607160097,2018
-60,10.0,8.049078155949129,2018
-60,11.0,8.058724359438495,2018
-60,12.0,8.074349454107331,2018
-50,1.0,8.064065171216583,2018
-50,2.0,8.061688414844234,2018
-50,3.0,8.058788273281554,2018
-50,4.0,8.05456449361292,2018
-50,5.0,8.0350101432102,2018
-50,6.0,8.032221169368775,2018
-50,7.0,8.030284969690243,2018
-50,8.0,8.037974256903418,2018
-50,9.0,8.043855053683224,2018
-50,10.0,8.046375757486837,2018
-50,11.0,8.05398451158593,2018
-50,12.0,8.063703373433317,2018
-40,1.0,8.074841963193267,2018
-40,2.0,8.072489569103434,2018
-40,3.0,8.071271388607048,2018
-40,4.0,8.068692765305656,2018
-40,5.0,8.063700146978265,2018
-40,6.0,8.057553849365755,2018
-40,7.0,8.053570232301624,2018
-40,8.0,8.055262237524875,2018
-40,9.0,8.05487096935059,2018
-40,10.0,8.058415872184636,2018
-40,11.0,8.067822706506826,2018
-40,12.0,8.074509450261132,2018
-30,1.0,8.052509543873656,2018
-30,2.0,8.048806413321179,2018
-30,3.0,8.05432357055058,2018
-30,4.0,8.064308902825063,2018
-30,5.0,8.073521284553419,2018
-30,6.0,8.078558483193936,2018
-30,7.0,8.079777972872032,2018
-30,8.0,8.07936878719023,2018
-30,9.0,8.079529875992868,2018
-30,10.0,8.078774730497797,2018
-30,11.0,8.07094320694006,2018
-30,12.0,8.059821927671683,2018
-20,1.0,8.044561999585474,2018
-20,2.0,8.040808102351459,2018
-20,3.0,8.044653891144245,2018
-20,4.0,8.052672712417658,2018
-20,5.0,8.062644712582717,2018
-20,6.0,8.07370923932667,2018
-20,7.0,8.078761157617032,2018
-20,8.0,8.07984844751099,2018
-20,9.0,8.079345070164521,2018
-20,10.0,8.071881876908058,2018
-20,11.0,8.058785413207076,2018
-20,12.0,8.04835570668837,2018
-10,1.0,8.047896459181343,2018
-10,2.0,8.046316249187491,2018
-10,3.0,8.046276594665667,2018
-10,4.0,8.048822131016264,2018
-10,5.0,8.05426365526903,2018
-10,6.0,8.060356575138982,2018
-10,7.0,8.063222919074455,2018
-10,8.0,8.06341875022824,2018
-10,9.0,8.062282966916506,2018
-10,10.0,8.059615426085458,2018
-10,11.0,8.054237700474813,2018
-10,12.0,8.049212825270361,2018
0,1.0,8.020087396902195,2018
0,2.0,8.020780088769829,2018
0,3.0,8.02049931923101,2018
0,4.0,8.020859967699224,2018
0,5.0,8.022161208193664,2018
0,6.0,8.022294121771854,2018
0,7.0,8.024039190761105,2018
0,8.0,8.024012346975649,2018
0,9.0,8.023199208470164,2018
0,10.0,8.023193399209772,2018
0,11.0,8.022826299305265,2018
0,12.0,8.025066846081577,2018
10,1.0,8.043331248891503,2018
10,2.0,8.038955960527142,2018
10,3.0,8.036095362170958,2018
10,4.0,8.034417557340344,2018
10,5.0,8.035299266273265,2018
10,6.0,8.038314957334899,2018
10,7.0,8.040236572257397,2018
10,8.0,8.04267852945365,2018
10,9.0,8.044092469442628,2018
10,10.0,8.044694823684681,2018
10,11.0,8.045297621206622,2018
10,12.0,8.04577850928608,2018
20,1.0,8.063192417498971,2018
20,2.0,8.0659502494867,2018
20,3.0,8.063522371420488,2018
20,4.0,8.057082298927192,2018
20,5.0,8.05013914005537,2018
20,6.0,8.047233680468477,2018
20,7.0,8.04596908669309,2018
20,8.0,8.04374046886502,2018
20,9.0,8.045596716664733,2018
20,10.0,8.047264353415155,2018
20,11.0,8.052109041751333,2018
20,12.0,8.05900974832746,2018
30,1.0,8.082391091736461,2018
30,2.0,8.08599982718342,2018
30,3.0,8.085638823401252,2018
30,4.0,8.077315630392109,2018
30,5.0,8.061330466393498,2018
30,6.0,8.044891002083853,2018
30,7.0,8.038463112925976,2018
30,8.0,8.034436337691702,2018
30,9.0,8.036562253059193,2018
30,10.0,8.045662448390464,2018
30,11.0,8.058714156080514,2018
30,12.0,8.0723588071191,2018
40,1.0,8.090423428976031,2018
40,2.0,8.091132660704417,2018
40,3.0,8.093740369103699,2018
40,4.0,8.092692088174346,2018
40,5.0,8.07618749964013,2018
40,6.0,8.049981207766015,2018
40,7.0,8.029727697813835,2018
40,8.0,8.01919270464808,2018
40,9.0,8.027844820045043,2018
40,10.0,8.05254523421778,2018
40,11.0,8.074731282038373,2018
40,12.0,8.088534766191323,2018
50,1.0,8.055059243574377,2018
50,2.0,8.052246713962221,2018
50,3.0,8.05428039009077,2018
50,4.0,8.06672175791085,2018
50,5.0,8.078730504553347,2018
50,6.0,8.076639200698462,2018
50,7.0,8.066562951590939,2018
50,8.0,8.056210585583257,2018
50,9.0,8.061023671160944,2018
50,10.0,8.071409289347978,2018
50,11.0,8.075749164267881,2018
50,12.0,8.066146300668947,2018
60,1.0,8.048564691156127,2018
60,2.0,8.050837374252204,2018
60,3.0,8.055141051147467,2018
60,4.0,8.061307123841452,2018
60,5.0,8.085242105743081,2018
60,6.0,8.102501592625803,2018
60,7.0,8.105673649593967,2018
60,8.0,8.102884837219154,2018
60,9.0,8.09775163792433,2018
60,10.0,8.083486309838879,2018
60,11.0,8.066474656393659,2018
60,12.0,8.056586820988766,2018
70,1.0,8.069118386545147,2018
70,2.0,8.068057634746234,2018
70,3.0,8.073431643592905,2018
70,4.0,8.093794372886475,2018
70,5.0,8.115118983068351,2018
70,6.0,8.141300030460926,2018
70,7.0,8.138790057213143,2018
70,8.0,8.130646455313641,2018
70,9.0,8.120388061978504,2018
70,10.0,8.100419713177395,2018
70,11.0,8.087538965264203,2018
70,12.0,8.076105620888184,2018
80,1.0,8.07451632944762,2018
80,2.0,8.07301912154841,2018
80,3.0,8.074957559360472,2018
80,4.0,8.083837003217413,2018
80,5.0,8.10884176928365,2018
80,6.0,8.131022468863765,2018
80,7.0,8.124524346441223,2018
80,8.0,8.116674046658789,2018
80,9.0,8.105541109533112,2018
80,10.0,8.099482118590588,2018
80,11.0,8.09753125430218,2018
80,12.0,8.095574370705359,2018
-80,1.0,,2019
-80,2.0,,2019
-80,3.0,,2019
-80,4.0,,2019
-80,5.0,,2019
-80,6.0,,2019
-80,7.0,,2019
-80,8.0,,2019
-80,9.0,,2019
-80,10.0,,2019
-80,11.0,,2019
-80,12.0,,2019
-70,1.0,8.085694872676081,2019
-70,2.0,8.088460973812214,2019
-70,3.0,8.076199625997765,2019
-70,4.0,8.054184590524587,2019
-70,5.0,8.05169705428864,2019
-70,6.0,8.04882677912571,2019
-70,7.0,8.050176319672921,2019
-70,8.0,8.049383181862021,2019
-70,9.0,8.049158792601126,2019
-70,10.0,8.047976330386273,2019
-70,11.0,8.05593633535256,2019
-70,12.0,8.073516470764151,2019
-60,1.0,8.08433830636236,2019
-60,2.0,8.081498084920193,2019
-60,3.0,8.073640335198611,2019
-60,4.0,8.050349562242015,2019
-60,5.0,8.045459395869718,2019
-60,6.0,8.042530682188662,2019
-60,7.0,8.041903206734654,2019
-60,8.0,8.041427890265991,2019
-60,9.0,8.04557135988856,2019
-60,10.0,8.049397542902371,2019
-60,11.0,8.063202334715097,2019
-60,12.0,8.083941674371918,2019
-50,1.0,8.065928037560937,2019
-50,2.0,8.063412360076269,2019
-50,3.0,8.057899135134866,2019
-50,4.0,8.052618012787944,2019
-50,5.0,8.033600220801778,2019
-50,6.0,8.030634461332404,2019
-50,7.0,8.029496416621086,2019
-50,8.0,8.036746770379812,2019
-50,9.0,8.043534052830296,2019
-50,10.0,8.047287602522925,2019
-50,11.0,8.058862611660793,2019
-50,12.0,8.067918239997985,2019
-40,1.0,8.073009503219177,2019
-40,2.0,8.072531527051261,2019
-40,3.0,8.069512911506694,2019
-40,4.0,8.066055279172254,2019
-40,5.0,8.062172278564594,2019
-40,6.0,8.055514760858822,2019
-40,7.0,8.052244611247922,2019
-40,8.0,8.051662500697374,2019
-40,9.0,8.051579213545716,2019
-40,10.0,8.056605241114704,2019
-40,11.0,8.0671136519374,2019
-40,12.0,8.07486387659454,2019
-30,1.0,8.050494707083548,2019
-30,2.0,8.048511051571726,2019
-30,3.0,8.053578649279482,2019
-30,4.0,8.063937625158905,2019
-30,5.0,8.073017629690966,2019
-30,6.0,8.077454373925285,2019
-30,7.0,8.075610420518142,2019
-30,8.0,8.075732660159375,2019
-30,9.0,8.076389446420963,2019
-30,10.0,8.075697750025887,2019
-30,11.0,8.069744259607468,2019
-30,12.0,8.061221964444211,2019
-20,1.0,8.039672099895702,2019
-20,2.0,8.036066854756818,2019
-20,3.0,8.042860075965674,2019
-20,4.0,8.05054909680326,2019
-20,5.0,8.0609757405304,2019
-20,6.0,8.07198158909784,2019
-20,7.0,8.076266197433855,2019
-20,8.0,8.077633718342156,2019
-20,9.0,8.077248463053172,2019
-20,10.0,8.068899945996298,2019
-20,11.0,8.056306478090038,2019
-20,12.0,8.047869207935802,2019
-10,1.0,8.04675830761269,2019
-10,2.0,8.042114365724764,2019
-10,3.0,8.04271497781351,2019
-10,4.0,8.044416526818521,2019
-10,5.0,8.050756633794862,2019
-10,6.0,8.057239334006674,2019
-10,7.0,8.059778774384208,2019
-10,8.0,8.060389985694922,2019
-10,9.0,8.060964111952474,2019
-10,10.0,8.056503312436847,2019
-10,11.0,8.049951588212297,2019
-10,12.0,8.044822445084522,2019
0,1.0,8.024561624574783,2019
0,2.0,8.024244435315723,2019
0,3.0,8.023335403216285,2019
0,4.0,8.023729110074926,2019
0,5.0,8.02346329756283,2019
0,6.0,8.024468689514864,2019
0,7.0,8.021719735020884,2019
0,8.0,8.023169086011846,2019
0,9.0,8.020091498325776,2019
0,10.0,8.019234749809256,2019
0,11.0,8.018117970411112,2019
0,12.0,8.018888352564769,2019
10,1.0,8.043754705478818,2019
10,2.0,8.040364299013211,2019
10,3.0,8.037521399082099,2019
10,4.0,8.032653204111625,2019
10,5.0,8.03192027094324,2019
10,6.0,8.034953805759416,2019
10,7.0,8.036257612391768,2019
10,8.0,8.038265243335323,2019
10,9.0,8.040248732656824,2019
10,10.0,8.040228413458623,2019
10,11.0,8.040843522701126,2019
10,12.0,8.04187233273667,2019
20,1.0,8.063460943864365,2019
20,2.0,8.065524354946188,2019
20,3.0,8.062789598987981,2019
20,4.0,8.05564521803344,2019
20,5.0,8.047252823878171,2019
20,6.0,8.041491939341244,2019
20,7.0,8.039595557930209,2019
20,8.0,8.039764067965672,2019
20,9.0,8.040372937839372,2019
20,10.0,8.042222536411817,2019
20,11.0,8.047677978772821,2019
20,12.0,8.054673166427639,2019
30,1.0,8.081247493254018,2019
30,2.0,8.084215535492117,2019
30,3.0,8.082091534275156,2019
30,4.0,8.073204852225597,2019
30,5.0,8.05710182345321,2019
30,6.0,8.039209948623098,2019
30,7.0,8.029385942873711,2019
30,8.0,8.024638650974884,2019
30,9.0,8.028848283314105,2019
30,10.0,8.040834852790546,2019
30,11.0,8.056243510154024,2019
30,12.0,8.069831278465555,2019
40,1.0,8.089731090429494,2019
40,2.0,8.090236418384999,2019
40,3.0,8.090915275085198,2019
40,4.0,8.089442068529609,2019
40,5.0,8.07792195333612,2019
40,6.0,8.054998742242395,2019
40,7.0,8.027989558488656,2019
40,8.0,8.01289583934683,2019
40,9.0,8.021327295886715,2019
40,10.0,8.045690560165747,2019
40,11.0,8.069652968628084,2019
40,12.0,8.085270145085742,2019
50,1.0,8.055285030928049,2019
50,2.0,8.05055306391355,2019
50,3.0,8.05500711576011,2019
50,4.0,8.065605439607417,2019
50,5.0,8.07576773451774,2019
50,6.0,8.076305113617892,2019
50,7.0,8.064241727000345,2019
50,8.0,8.055289617211324,2019
50,9.0,8.061909767222119,2019
50,10.0,8.069224035335488,2019
50,11.0,8.071134459288533,2019
50,12.0,8.061481771084274,2019
60,1.0,8.048883627254334,2019
60,2.0,8.051423710079014,2019
60,3.0,8.051461976910085,2019
60,4.0,8.059118017955461,2019
60,5.0,8.090752456983736,2019
60,6.0,8.105691459990188,2019
60,7.0,8.10119037582214,2019
60,8.0,8.097807311442166,2019
60,9.0,8.09758929637492,2019
60,10.0,8.08222056963457,2019
60,11.0,8.065292042531807,2019
60,12.0,8.053936154322415,2019
70,1.0,8.067633080428626,2019
70,2.0,8.067440792885849,2019
70,3.0,8.067878834441974,2019
70,4.0,8.08664410498942,2019
70,5.0,8.121413648810035,2019
70,6.0,8.141223224916024,2019
70,7.0,8.139061559462219,2019
70,8.0,8.129123814318833,2019
70,9.0,8.120257241883083,2019
70,10.0,8.101943741675916,2019
70,11.0,8.086187824963485,2019
70,12.0,8.072261296410622,2019
80,1.0,8.074020910835241,2019
80,2.0,8.070597542581496,2019
80,3.0,8.075138571136657,2019
80,4.0,8.082886040157236,2019
80,5.0,8.114122008824173,2019
80,6.0,8.132783346805901,2019
80,7.0,8.126575478765364,2019
80,8.0,8.11496594559575,2019
80,9.0,8.103424120162506,2019
80,10.0,8.09661515057678,2019
80,11.0,8.096273826697574,2019
80,12.0,8.09473514697519,2019
-80,1.0,,2020
-80,2.0,,2020
-80,3.0,,2020
-80,4.0,,2020
-80,5.0,,2020
-80,6.0,,2020
-80,7.0,,2020
-80,8.0,,2020
-80,9.0,,2020
-80,10.0,,2020
-80,11.0,,2020
-80,12.0,,2020
-70,1.0,8.09942561195743,2020
-70,2.0,8.099540978360956,2020
-70,3.0,8.077811673328025,2020
-70,4.0,8.054445867352225,2020
-70,5.0,8.050642286695348,2020
-70,6.0,8.048878646936123,2020
-70,7.0,8.050016528575958,2020
-70,8.0,8.048754656395001,2020
-70,9.0,8.04981096019104,2020
-70,10.0,8.047833842781738,2020
-70,11.0,8.054873703675606,2020
-70,12.0,8.070634918090585,2020
-60,1.0,8.090223416711567,2020
-60,2.0,8.083573725214789,2020
-60,3.0,8.071532939514189,2020
-60,4.0,8.04933358513055,2020
-60,5.0,8.044634807672649,2020
-60,6.0,8.042148174002337,2020
-60,7.0,8.041354678570432,2020
-60,8.0,8.040661763174779,2020
-60,9.0,8.045134145021335,2020
-60,10.0,8.04741666035501,2020
-60,11.0,8.055862821292099,2020
-60,12.0,8.076691040588125,2020
-50,1.0,8.061224824690468,2020
-50,2.0,8.059031124908394,2020
-50,3.0,8.05648717032767,2020
-50,4.0,8.049876717533484,2020
-50,5.0,8.03248508556919,2020
-50,6.0,8.029672050250017,2020
-50,7.0,8.028509475868653,2020
-50,8.0,8.03013992947525,2020
-50,9.0,8.041415125819796,2020
-50,10.0,8.04221437108241,2020
-50,11.0,8.051025800222725,2020
-50,12.0,8.064043798863544,2020
-40,1.0,8.072646838668351,2020
-40,2.0,8.071679113339396,2020
-40,3.0,8.070833126914136,2020
-40,4.0,8.066678403975269,2020
-40,5.0,8.06064050570698,2020
-40,6.0,8.052577587997217,2020
-40,7.0,8.049147388024894,2020
-40,8.0,8.051196823407789,2020
-40,9.0,8.048942231342844,2020
-40,10.0,8.053094612564648,2020
-40,11.0,8.064462056470862,2020
-40,12.0,8.069885767332199,2020
-30,1.0,8.054682192876244,2020
-30,2.0,8.049906224219487,2020
-30,3.0,8.054711016692119,2020
-30,4.0,8.063438542218973,2020
-30,5.0,8.071369027751421,2020
-30,6.0,8.074023390724658,2020
-30,7.0,8.07184950313604,2020
-30,8.0,8.072575864596532,2020
-30,9.0,8.071679060196292,2020
-30,10.0,8.071291896592435,2020
-30,11.0,8.064709182964668,2020
-30,12.0,8.054453820291293,2020
-20,1.0,8.040871689144126,2020
-20,2.0,8.03877872619461,2020
-20,3.0,8.039432717263546,2020
-20,4.0,8.04778685495039,2020
-20,5.0,8.059909548835007,2020
-20,6.0,8.069652896961573,2020
-20,7.0,8.074696931642032,2020
-20,8.0,8.076224014696718,2020
-20,9.0,8.07537228588494,2020
-20,10.0,8.06794113737658,2020
-20,11.0,8.054401551790162,2020
-20,12.0,8.044716466844383,2020
-10,1.0,8.0423021775526,2020
-10,2.0,8.040394174813821,2020
-10,3.0,8.037191995761672,2020
-10,4.0,8.04009226951107,2020
-10,5.0,8.047230510528532,2020
-10,6.0,8.054616068500536,2020
-10,7.0,8.058302115466962,2020
-10,8.0,8.0592952758955,2020
-10,9.0,8.058874050277572,2020
-10,10.0,8.055467666981361,2020
-10,11.0,8.048536319041375,2020
-10,12.0,8.044333369613074,2020
0,1.0,8.019387614053118,2020
0,2.0,8.021645170630581,2020
0,3.0,8.018706445766654,2020
0,4.0,8.018114961384933,2020
0,5.0,8.017590437023726,2020
0,6.0,8.01539644301442,2020
0,7.0,8.015868464031126,2020
0,8.0,8.014555592083363,2020
0,9.0,8.014403562289893,2020
0,10.0,8.01282720256744,2020
0,11.0,8.011711074522015,2020
0,12.0,8.014245468027964,2020
10,1.0,8.040980875402038,2020
10,2.0,8.039349018151283,2020
10,3.0,8.03628448975765,2020
10,4.0,8.03202568775652,2020
10,5.0,8.031062851243512,2020
10,6.0,8.032436669788535,2020
10,7.0,8.032931444984687,2020
10,8.0,8.0353264815595,2020
10,9.0,8.036268471189493,2020
10,10.0,8.037990038311515,2020
10,11.0,8.038213522897879,2020
10,12.0,8.03783814824336,2020
20,1.0,8.060651709883743,2020
20,2.0,8.0640382620598,2020
20,3.0,8.061212788585985,2020
20,4.0,8.05329859719183,2020
20,5.0,8.045421778669837,2020
20,6.0,8.040682476511073,2020
20,7.0,8.038087354535218,2020
20,8.0,8.038145616669837,2020
20,9.0,8.037041672949204,2020
20,10.0,8.040323579460612,2020
20,11.0,8.046885515491386,2020
20,12.0,8.052394627557089,2020
30,1.0,8.079184639758582,2020
30,2.0,8.083252877446897,2020
30,3.0,8.081701028085751,2020
30,4.0,8.071518907755635,2020
30,5.0,8.052187637196962,2020
30,6.0,8.035649340195967,2020
30,7.0,8.029673688987284,2020
30,8.0,8.024488107661304,2020
30,9.0,8.025915370557684,2020
30,10.0,8.037606766715276,2020
30,11.0,8.053485495691906,2020
30,12.0,8.064792436740504,2020
40,1.0,8.086843486615079,2020
40,2.0,8.087036169291398,2020
40,3.0,8.087948294785893,2020
40,4.0,8.085971780729462,2020
40,5.0,8.074239042166917,2020
40,6.0,8.0507272019755,2020
40,7.0,8.023352770108273,2020
40,8.0,8.009245961399245,2020
40,9.0,8.018236281664564,2020
40,10.0,8.043773871670902,2020
40,11.0,8.066021300842515,2020
40,12.0,8.085572692297044,2020
50,1.0,8.053082374343848,2020
50,2.0,8.049749179639145,2020
50,3.0,8.052897330157219,2020
50,4.0,8.065872875545079,2020
50,5.0,8.07395074243798,2020
50,6.0,8.075680858925477,2020
50,7.0,8.063920745982148,2020
50,8.0,8.05443001004941,2020
50,9.0,8.05843937969527,2020
50,10.0,8.069340080181952,2020
50,11.0,8.071275459655558,2020
50,12.0,8.065012654922494,2020
60,1.0,8.047385685827516,2020
60,2.0,8.05128088290445,2020
60,3.0,8.052963445877412,2020
60,4.0,8.063769445153339,2020
60,5.0,8.088715733563244,2020
60,6.0,8.098138066606767,2020
60,7.0,8.099136700873883,2020
60,8.0,8.097909665109709,2020
60,9.0,8.094004935114144,2020
60,10.0,8.079119116554761,2020
60,11.0,8.06090793873594,2020
60,12.0,8.054081490034955,2020
70,1.0,8.064844699709717,2020
70,2.0,8.067167048943421,2020
70,3.0,8.066328552908594,2020
70,4.0,8.08074398771369,2020
70,5.0,8.113092920044647,2020
70,6.0,8.137052645568334,2020
70,7.0,8.136224696923092,2020
70,8.0,8.126251320512974,2020
70,9.0,8.114321340372062,2020
70,10.0,8.100657719575194,2020
70,11.0,8.079079627530819,2020
70,12.0,8.072811127349585,2020
80,1.0,8.070534836870504,2020
80,2.0,8.068988779826316,2020
80,3.0,8.073552145794286,2020
80,4.0,8.078492827592173,2020
80,5.0,8.108429496613374,2020
80,6.0,8.135114493673896,2020
80,7.0,8.126647116199454,2020
80,8.0,8.113595342521455,2020
80,9.0,8.102779159222868,2020
80,10.0,8.096396710187273,2020
80,11.0,8.094189877447874,2020
80,12.0,8.093421006945878,2020
