ocean,year,month,pH
Arctic Ocean,2011,1.0,8.06271852344349
Arctic Ocean,2011,2.0,8.066258716120574
Arctic Ocean,2011,3.0,8.07690251368515
Arctic Ocean,2011,4.0,8.093669124129123
Arctic Ocean,2011,5.0,8.11610336725207
Arctic Ocean,2011,6.0,8.137891586412579
Arctic Ocean,2011,7.0,8.14228160715521
Arctic Ocean,2011,8.0,8.138126867865715
Arctic Ocean,2011,9.0,8.115586651947876
Arctic Ocean,2011,10.0,8.112625913299345
Arctic Ocean,2011,11.0,8.107033671174456
Arctic Ocean,2011,12.0,8.105901651337678
Arctic Ocean,2012,1.0,8.062402841110897
Arctic Ocean,2012,2.0,8.067128411808033
Arctic Ocean,2012,3.0,8.075322279453754
Arctic Ocean,2012,4.0,8.093480378632886
Arctic Ocean,2012,5.0,8.113926128487465
Arctic Ocean,2012,6.0,8.13445898026603
Arctic Ocean,2012,7.0,8.144683469341459
Arctic Ocean,2012,8.0,8.135136597911591
Arctic Ocean,2012,9.0,8.114750694581467
Arctic Ocean,2012,10.0,8.112192013197394
Arctic Ocean,2012,11.0,8.104971801054331
Arctic Ocean,2012,12.0,8.106410596932239
Arctic Ocean,2013,1.0,8.058896673725075
Arctic Ocean,2013,2.0,8.065855777104552
Arctic Ocean,2013,3.0,8.072692922911644
Arctic Ocean,2013,4.0,8.083886690964086
Arctic Ocean,2013,5.0,8.113030548602632
Arctic Ocean,2013,6.0,8.130220672920931
Arctic Ocean,2013,7.0,8.13964308720902
Arctic Ocean,2013,8.0,8.133823969756328
Arctic Ocean,2013,9.0,8.11181942451731
Arctic Ocean,2013,10.0,8.109880056216651
Arctic Ocean,2013,11.0,8.104258231041147
Arctic Ocean,2013,12.0,8.106684291578775
Arctic Ocean,2014,1.0,8.060131910987351
Arctic Ocean,2014,2.0,8.06589786661551
Arctic Ocean,2014,3.0,8.073290872787705
Arctic Ocean,2014,4.0,8.085907851532308
Arctic Ocean,2014,5.0,8.107845711780287
Arctic Ocean,2014,6.0,8.131333925661792
Arctic Ocean,2014,7.0,8.140814602291407
Arctic Ocean,2014,8.0,8.136511976855518
Arctic Ocean,2014,9.0,8.11241061186175
Arctic Ocean,2014,10.0,8.112658809016075
Arctic Ocean,2014,11.0,8.104346409576538
Arctic Ocean,2014,12.0,8.10271291568631
Arctic Ocean,2015,1.0,8.06105409471209
Arctic Ocean,2015,2.0,8.065593062898273
Arctic Ocean,2015,3.0,8.073388351335533
Arctic Ocean,2015,4.0,8.086473534960586
Arctic Ocean,2015,5.0,8.111431111270482
Arctic Ocean,2015,6.0,8.133433464136143
Arctic Ocean,2015,7.0,8.140190046935157
Arctic Ocean,2015,8.0,8.135962826830614
Arctic Ocean,2015,9.0,8.11138428768856
Arctic Ocean,2015,10.0,8.10815618015463
Arctic Ocean,2015,11.0,8.103679429354642
Arctic Ocean,2015,12.0,8.100035845214103
Arctic Ocean,2016,1.0,8.058054757783282
Arctic Ocean,2016,2.0,8.06358705818006
Arctic Ocean,2016,3.0,8.071333296338166
Arctic Ocean,2016,4.0,8.084321994469068
Arctic Ocean,2016,5.0,8.10582693498086
Arctic Ocean,2016,6.0,8.128022257528453
Arctic Ocean,2016,7.0,8.138924651284363
Arctic Ocean,2016,8.0,8.132705459348282
Arctic Ocean,2016,9.0,8.110638639686654
Arctic Ocean,2016,10.0,8.108089387220632
Arctic Ocean,2016,11.0,8.101505914626827
Arctic Ocean,2016,12.0,8.098234873840504
Arctic Ocean,2017,1.0,8.056384083430837
Arctic Ocean,2017,2.0,8.061332768624784
Arctic Ocean,2017,3.0,8.07102177005329
Arctic Ocean,2017,4.0,8.08629319020213
Arctic Ocean,2017,5.0,8.100643252525705
Arctic Ocean,2017,6.0,8.124024238162837
Arctic Ocean,2017,7.0,8.14076854788544
Arctic Ocean,2017,8.0,8.134561231771679
Arctic Ocean,2017,9.0,8.112712646940885
Arctic Ocean,2017,10.0,8.108893072237462
Arctic Ocean,2017,11.0,8.102536253712179
Arctic Ocean,2017,12.0,8.097690647973934
Arctic Ocean,2018,1.0,8.057818009609125
Arctic Ocean,2018,2.0,8.059365650837432
Arctic Ocean,2018,3.0,8.065182702672722
Arctic Ocean,2018,4.0,8.07895103731835
Arctic Ocean,2018,5.0,8.097152268392758
Arctic Ocean,2018,6.0,8.122306383054392
Arctic Ocean,2018,7.0,8.135826308463518
Arctic Ocean,2018,8.0,8.126959433454296
Arctic Ocean,2018,9.0,8.107591731441069
Arctic Ocean,2018,10.0,8.105568634367517
Arctic Ocean,2018,11.0,8.099060050255114
Arctic Ocean,2018,12.0,8.096595142593966
Arctic Ocean,2019,1.0,8.057294140513203
Arctic Ocean,2019,2.0,8.059131179095678
Arctic Ocean,2019,3.0,8.067172481520245
Arctic Ocean,2019,4.0,8.076927048438392
Arctic Ocean,2019,5.0,8.097446564493682
Arctic Ocean,2019,6.0,8.120761465387819
Arctic Ocean,2019,7.0,8.134209855856838
Arctic Ocean,2019,8.0,8.129284433173638
Arctic Ocean,2019,9.0,8.106455354486938
Arctic Ocean,2019,10.0,8.102188006720564
Arctic Ocean,2019,11.0,8.097099437301015
Arctic Ocean,2019,12.0,8.095583832441601
Arctic Ocean,2020,1.0,8.052873320057572
Arctic Ocean,2020,2.0,8.055811104579547
Arctic Ocean,2020,3.0,8.063871212992579
Arctic Ocean,2020,4.0,8.07447574980787
Arctic Ocean,2020,5.0,8.097094373089055
Arctic Ocean,2020,6.0,8.121290954819486
Arctic Ocean,2020,7.0,8.136898803450642
Arctic Ocean,2020,8.0,8.124084917828394
Arctic Ocean,2020,9.0,8.104334299243986
Arctic Ocean,2020,10.0,8.100121573859838
Arctic Ocean,2020,11.0,8.091635836734449
Arctic Ocean,2020,12.0,8.092136120285641
Indian Ocean,2011,1.0,8.062860255021976
Indian Ocean,2011,2.0,8.062822908569022
Indian Ocean,2011,3.0,8.061335341929672
Indian Ocean,2011,4.0,8.062738110203679
Indian Ocean,2011,5.0,8.05994187046238
Indian Ocean,2011,6.0,8.060669184905267
Indian Ocean,2011,7.0,8.062808482654965
Indian Ocean,2011,8.0,8.066386584176769
Indian Ocean,2011,9.0,8.067632159819071
Indian Ocean,2011,10.0,8.0673763569235
Indian Ocean,2011,11.0,8.063647327964768
Indian Ocean,2011,12.0,8.061683233741785
Indian Ocean,2012,1.0,8.060044715904997
Indian Ocean,2012,2.0,8.060321766111963
Indian Ocean,2012,3.0,8.061105060030036
Indian Ocean,2012,4.0,8.061315295109624
Indian Ocean,2012,5.0,8.058308674221928
Indian Ocean,2012,6.0,8.060458348960134
Indian Ocean,2012,7.0,8.061984931092844
Indian Ocean,2012,8.0,8.06556001617984
Indian Ocean,2012,9.0,8.066463466571735
Indian Ocean,2012,10.0,8.06524673052565
Indian Ocean,2012,11.0,8.063543720529738
Indian Ocean,2012,12.0,8.060115160179949
Indian Ocean,2013,1.0,8.059214515592638
Indian Ocean,2013,2.0,8.059043873651163
Indian Ocean,2013,3.0,8.060124351270124
Indian Ocean,2013,4.0,8.060057702145597
Indian Ocean,2013,5.0,8.057281726420932
Indian Ocean,2013,6.0,8.05858571820494
Indian Ocean,2013,7.0,8.060803177368136
Indian Ocean,2013,8.0,8.063950646463567
Indian Ocean,2013,9.0,8.065895925336397
Indian Ocean,2013,10.0,8.064444867588213
Indian Ocean,2013,11.0,8.061770453747009
Indian Ocean,2013,12.0,8.0616065869354
Indian Ocean,2014,1.0,8.058958867446007
Indian Ocean,2014,2.0,8.059028348264825
Indian Ocean,2014,3.0,8.05809650537674
Indian Ocean,2014,4.0,8.058637333343645
Indian Ocean,2014,5.0,8.055308457446314
Indian Ocean,2014,6.0,8.055187601014977
Indian Ocean,2014,7.0,8.05722187188521
Indian Ocean,2014,8.0,8.062517391456627
Indian Ocean,2014,9.0,8.064758328042776
Indian Ocean,2014,10.0,8.063826743617863
Indian Ocean,2014,11.0,8.061445639931256
Indian Ocean,2014,12.0,8.0589189360996
Indian Ocean,2015,1.0,8.057711958707527
Indian Ocean,2015,2.0,8.057334342139773
Indian Ocean,2015,3.0,8.056487262614317
Indian Ocean,2015,4.0,8.056381808935575
Indian Ocean,2015,5.0,8.053425414943096
Indian Ocean,2015,6.0,8.053994598517516
Indian Ocean,2015,7.0,8.056159755904572
Indian Ocean,2015,8.0,8.060091354811115
Indian Ocean,2015,9.0,8.062219094686203
Indian Ocean,2015,10.0,8.060494693265829
Indian Ocean,2015,11.0,8.057673023006886
Indian Ocean,2015,12.0,8.055301310498296
Indian Ocean,2016,1.0,8.053744445062735
Indian Ocean,2016,2.0,8.054307239475683
Indian Ocean,2016,3.0,8.051880150196558
Indian Ocean,2016,4.0,8.05243316390309
Indian Ocean,2016,5.0,8.04982070439927
Indian Ocean,2016,6.0,8.052057776455156
Indian Ocean,2016,7.0,8.053672342820969
Indian Ocean,2016,8.0,8.057521056288591
Indian Ocean,2016,9.0,8.05987950193391
Indian Ocean,2016,10.0,8.060495262413847
Indian Ocean,2016,11.0,8.059018844399764
Indian Ocean,2016,12.0,8.056969351151915
Indian Ocean,2017,1.0,8.05463198285705
Indian Ocean,2017,2.0,8.054564910977204
Indian Ocean,2017,3.0,8.05408596033601
Indian Ocean,2017,4.0,8.054541516462102
Indian Ocean,2017,5.0,8.051893102800175
Indian Ocean,2017,6.0,8.052155044170199
Indian Ocean,2017,7.0,8.05380818287443
Indian Ocean,2017,8.0,8.05708294599124
Indian Ocean,2017,9.0,8.059594405380532
Indian Ocean,2017,10.0,8.058168273956394
Indian Ocean,2017,11.0,8.056300005130554
Indian Ocean,2017,12.0,8.056177061802286
Indian Ocean,2018,1.0,8.053688512844735
Indian Ocean,2018,2.0,8.052513551481185
Indian Ocean,2018,3.0,8.051918140896266
Indian Ocean,2018,4.0,8.052261107330365
Indian Ocean,2018,5.0,8.04931540476754
Indian Ocean,2018,6.0,8.051634168583044
Indian Ocean,2018,7.0,8.052431248445906
Indian Ocean,2018,8.0,8.055496867054483
Indian Ocean,2018,9.0,8.058369463797888
Indian Ocean,2018,10.0,8.057287243126304
Indian Ocean,2018,11.0,8.054847385151957
Indian Ocean,2018,12.0,8.054058750319165
Indian Ocean,2019,1.0,8.051390969037916
Indian Ocean,2019,2.0,8.050097571343564
Indian Ocean,2019,3.0,8.049288184271512
Indian Ocean,2019,4.0,8.049571591782067
Indian Ocean,2019,5.0,8.047699784030081
Indian Ocean,2019,6.0,8.048088675597269
Indian Ocean,2019,7.0,8.048509992148443
Indian Ocean,2019,8.0,8.052492579161864
Indian Ocean,2019,9.0,8.055836761023105
Indian Ocean,2019,10.0,8.054288945396445
Indian Ocean,2019,11.0,8.05110942358857
Indian Ocean,2019,12.0,8.051081918800364
Indian Ocean,2020,1.0,8.049731084447538
Indian Ocean,2020,2.0,8.048555745864338
Indian Ocean,2020,3.0,8.04753973014097
Indian Ocean,2020,4.0,8.047607387972924
Indian Ocean,2020,5.0,8.045307724498272
Indian Ocean,2020,6.0,8.045859686559242
Indian Ocean,2020,7.0,8.045933835444723
Indian Ocean,2020,8.0,8.049512717246047
Indian Ocean,2020,9.0,8.052436067695487
Indian Ocean,2020,10.0,8.051218083917487
Indian Ocean,2020,11.0,8.050164377979483
Indian Ocean,2020,12.0,8.050671558875724
Mediterranean Region,2011,1.0,8.076955006220816
Mediterranean Region,2011,2.0,8.077238513123099
Mediterranean Region,2011,3.0,8.078585615334225
Mediterranean Region,2011,4.0,8.078448098501045
Mediterranean Region,2011,5.0,8.055120661650513
Mediterranean Region,2011,6.0,8.02020742377677
Mediterranean Region,2011,7.0,7.973822325730351
Mediterranean Region,2011,8.0,7.962515573214563
Mediterranean Region,2011,9.0,7.987971779081978
Mediterranean Region,2011,10.0,8.034042952609603
Mediterranean Region,2011,11.0,8.080058174936273
Mediterranean Region,2011,12.0,8.103079131382403
Mediterranean Region,2012,1.0,8.076404891952684
Mediterranean Region,2012,2.0,8.07694618871459
Mediterranean Region,2012,3.0,8.077845236339357
Mediterranean Region,2012,4.0,8.078050909805244
Mediterranean Region,2012,5.0,8.052105483730264
Mediterranean Region,2012,6.0,8.014185885943961
Mediterranean Region,2012,7.0,7.9562785550109645
Mediterranean Region,2012,8.0,7.9431486308045605
Mediterranean Region,2012,9.0,7.986748726719117
Mediterranean Region,2012,10.0,8.020762183384553
Mediterranean Region,2012,11.0,8.066983182641113
Mediterranean Region,2012,12.0,8.099216680588226
Mediterranean Region,2013,1.0,8.073323544585206
Mediterranean Region,2013,2.0,8.074113780318982
Mediterranean Region,2013,3.0,8.075005763633982
Mediterranean Region,2013,4.0,8.07469498734078
Mediterranean Region,2013,5.0,8.048109380657806
Mediterranean Region,2013,6.0,8.021286417100082
Mediterranean Region,2013,7.0,7.971269626229437
Mediterranean Region,2013,8.0,7.947742790654093
Mediterranean Region,2013,9.0,7.983589761582028
Mediterranean Region,2013,10.0,8.026064553297974
Mediterranean Region,2013,11.0,8.068975065648004
Mediterranean Region,2013,12.0,8.09898060148614
Mediterranean Region,2014,1.0,8.069724933510999
Mediterranean Region,2014,2.0,8.070350600970537
Mediterranean Region,2014,3.0,8.070978218695913
Mediterranean Region,2014,4.0,8.069220619449244
Mediterranean Region,2014,5.0,8.045394690787363
Mediterranean Region,2014,6.0,8.012973040768731
Mediterranean Region,2014,7.0,7.963223192163474
Mediterranean Region,2014,8.0,7.943814182438632
Mediterranean Region,2014,9.0,7.971505179913338
Mediterranean Region,2014,10.0,8.017884048573052
Mediterranean Region,2014,11.0,8.065829366098058
Mediterranean Region,2014,12.0,8.093681769739028
Mediterranean Region,2015,1.0,8.067114184956477
Mediterranean Region,2015,2.0,8.068394636700178
Mediterranean Region,2015,3.0,8.06947670987906
Mediterranean Region,2015,4.0,8.069608731468465
Mediterranean Region,2015,5.0,8.041694463991071
Mediterranean Region,2015,6.0,8.006810432881252
Mediterranean Region,2015,7.0,7.9443056419578655
Mediterranean Region,2015,8.0,7.922795256517724
Mediterranean Region,2015,9.0,7.960702165624033
Mediterranean Region,2015,10.0,8.012127039095095
Mediterranean Region,2015,11.0,8.061108137042885
Mediterranean Region,2015,12.0,8.091655319972954
Mediterranean Region,2016,1.0,8.06316694406303
Mediterranean Region,2016,2.0,8.064488399476335
Mediterranean Region,2016,3.0,8.064737535122234
Mediterranean Region,2016,4.0,8.061356611598494
Mediterranean Region,2016,5.0,8.038606139469348
Mediterranean Region,2016,6.0,8.000912766613524
Mediterranean Region,2016,7.0,7.943505060566852
Mediterranean Region,2016,8.0,7.934062011842048
Mediterranean Region,2016,9.0,7.964722842648692
Mediterranean Region,2016,10.0,8.010564216004479
Mediterranean Region,2016,11.0,8.058320919630654
Mediterranean Region,2016,12.0,8.09002452720828
Mediterranean Region,2017,1.0,8.062048144048795
Mediterranean Region,2017,2.0,8.062644469327205
Mediterranean Region,2017,3.0,8.062719105976582
Mediterranean Region,2017,4.0,8.060937981569094
Mediterranean Region,2017,5.0,8.033805149457415
Mediterranean Region,2017,6.0,7.988324382263452
Mediterranean Region,2017,7.0,7.933657078404794
Mediterranean Region,2017,8.0,7.924049411539717
Mediterranean Region,2017,9.0,7.966403176293215
Mediterranean Region,2017,10.0,8.0146036370646
Mediterranean Region,2017,11.0,8.06053327276209
Mediterranean Region,2017,12.0,8.089046173468635
Mediterranean Region,2018,1.0,8.058293942924658
Mediterranean Region,2018,2.0,8.058698464819651
Mediterranean Region,2018,3.0,8.058575337633314
Mediterranean Region,2018,4.0,8.055433322778832
Mediterranean Region,2018,5.0,8.022799367420046
Mediterranean Region,2018,6.0,7.97529563449797
Mediterranean Region,2018,7.0,7.92519565701446
Mediterranean Region,2018,8.0,7.912457786656417
Mediterranean Region,2018,9.0,7.948368990645084
Mediterranean Region,2018,10.0,8.005043925234611
Mediterranean Region,2018,11.0,8.050597521858213
Mediterranean Region,2018,12.0,8.083276583910568
Mediterranean Region,2019,1.0,8.055822790100667
Mediterranean Region,2019,2.0,8.056604583357027
Mediterranean Region,2019,3.0,8.057013879170295
Mediterranean Region,2019,4.0,8.05717701381339
Mediterranean Region,2019,5.0,8.037008484695539
Mediterranean Region,2019,6.0,7.993889416231662
Mediterranean Region,2019,7.0,7.92440031877722
Mediterranean Region,2019,8.0,7.915709538811424
Mediterranean Region,2019,9.0,7.948442790150472
Mediterranean Region,2019,10.0,7.996373251962733
Mediterranean Region,2019,11.0,8.043542192031083
Mediterranean Region,2019,12.0,8.07733328570896
Mediterranean Region,2020,1.0,8.051886771475626
Mediterranean Region,2020,2.0,8.052814021835138
Mediterranean Region,2020,3.0,8.05281094169035
Mediterranean Region,2020,4.0,8.050594776608357
Mediterranean Region,2020,5.0,8.022126320480478
Mediterranean Region,2020,6.0,7.9921361948035505
Mediterranean Region,2020,7.0,7.926443016830514
Mediterranean Region,2020,8.0,7.913055749141623
Mediterranean Region,2020,9.0,7.940872536655002
Mediterranean Region,2020,10.0,7.996780078848449
Mediterranean Region,2020,11.0,8.041386675546773
Mediterranean Region,2020,12.0,8.07388204864678
North Atlantic Ocean,2011,1.0,8.064852730847127
North Atlantic Ocean,2011,2.0,8.054643797357638
North Atlantic Ocean,2011,3.0,8.05764671750896
North Atlantic Ocean,2011,4.0,8.054651498768964
North Atlantic Ocean,2011,5.0,8.055692839650582
North Atlantic Ocean,2011,6.0,8.055868228812399
North Atlantic Ocean,2011,7.0,8.064480435377966
North Atlantic Ocean,2011,8.0,8.05702824753285
North Atlantic Ocean,2011,9.0,8.06309944983823
North Atlantic Ocean,2011,10.0,8.061456830557223
North Atlantic Ocean,2011,11.0,8.050045149643772
North Atlantic Ocean,2011,12.0,8.062654138927421
North Atlantic Ocean,2012,1.0,8.067318248553203
North Atlantic Ocean,2012,2.0,8.063166412197466
North Atlantic Ocean,2012,3.0,8.06389664841257
North Atlantic Ocean,2012,4.0,8.051307667809262
North Atlantic Ocean,2012,5.0,8.055167254732165
North Atlantic Ocean,2012,6.0,8.054129063412415
North Atlantic Ocean,2012,7.0,8.065526646675242
North Atlantic Ocean,2012,8.0,8.059900121315776
North Atlantic Ocean,2012,9.0,8.061335019832136
North Atlantic Ocean,2012,10.0,8.061029739163166
North Atlantic Ocean,2012,11.0,8.049615184127983
North Atlantic Ocean,2012,12.0,8.052979146835021
North Atlantic Ocean,2013,1.0,8.055659797060763
North Atlantic Ocean,2013,2.0,8.060396096904826
North Atlantic Ocean,2013,3.0,8.052150215641705
North Atlantic Ocean,2013,4.0,8.054039914064365
North Atlantic Ocean,2013,5.0,8.057850506722819
North Atlantic Ocean,2013,6.0,8.060891252200967
North Atlantic Ocean,2013,7.0,8.062030482624891
North Atlantic Ocean,2013,8.0,8.059146410285454
North Atlantic Ocean,2013,9.0,8.058044938936277
North Atlantic Ocean,2013,10.0,8.062077112583506
North Atlantic Ocean,2013,11.0,8.051264027539663
North Atlantic Ocean,2013,12.0,8.04683582070585
North Atlantic Ocean,2014,1.0,8.066224774216186
North Atlantic Ocean,2014,2.0,8.055599865129228
North Atlantic Ocean,2014,3.0,8.055088702515903
North Atlantic Ocean,2014,4.0,8.052424822782905
North Atlantic Ocean,2014,5.0,8.058399285200467
North Atlantic Ocean,2014,6.0,8.055139827026915
North Atlantic Ocean,2014,7.0,8.067514527070816
North Atlantic Ocean,2014,8.0,8.05829386146492
North Atlantic Ocean,2014,9.0,8.057740054228477
North Atlantic Ocean,2014,10.0,8.058702616442122
North Atlantic Ocean,2014,11.0,8.051588206322652
North Atlantic Ocean,2014,12.0,8.045707052254473
North Atlantic Ocean,2015,1.0,8.06774381857399
North Atlantic Ocean,2015,2.0,8.060231185769531
North Atlantic Ocean,2015,3.0,8.061161768053243
North Atlantic Ocean,2015,4.0,8.05272514059208
North Atlantic Ocean,2015,5.0,8.057120406750645
North Atlantic Ocean,2015,6.0,8.058182950372325
North Atlantic Ocean,2015,7.0,8.060707684485019
North Atlantic Ocean,2015,8.0,8.056220903256367
North Atlantic Ocean,2015,9.0,8.058546980210728
North Atlantic Ocean,2015,10.0,8.062055426153972
North Atlantic Ocean,2015,11.0,8.050542279320048
North Atlantic Ocean,2015,12.0,8.055548730217147
North Atlantic Ocean,2016,1.0,8.065422151826496
North Atlantic Ocean,2016,2.0,8.059736094886675
North Atlantic Ocean,2016,3.0,8.049300944958244
North Atlantic Ocean,2016,4.0,8.048871162991222
North Atlantic Ocean,2016,5.0,8.054175937999954
North Atlantic Ocean,2016,6.0,8.054808034837697
North Atlantic Ocean,2016,7.0,8.060885333215417
North Atlantic Ocean,2016,8.0,8.052929774087879
North Atlantic Ocean,2016,9.0,8.055708594698912
North Atlantic Ocean,2016,10.0,8.056940938471264
North Atlantic Ocean,2016,11.0,8.05178211918218
North Atlantic Ocean,2016,12.0,8.059877783528059
North Atlantic Ocean,2017,1.0,8.062437303899758
North Atlantic Ocean,2017,2.0,8.060160372281636
North Atlantic Ocean,2017,3.0,8.049817582711368
North Atlantic Ocean,2017,4.0,8.04712694453198
North Atlantic Ocean,2017,5.0,8.051762266653302
North Atlantic Ocean,2017,6.0,8.05462030356139
North Atlantic Ocean,2017,7.0,8.062937372984083
North Atlantic Ocean,2017,8.0,8.052093051693488
North Atlantic Ocean,2017,9.0,8.056332100727737
North Atlantic Ocean,2017,10.0,8.055342393659505
North Atlantic Ocean,2017,11.0,8.052243034496758
North Atlantic Ocean,2017,12.0,8.061259089032301
North Atlantic Ocean,2018,1.0,8.064908191356913
North Atlantic Ocean,2018,2.0,8.05685183843089
North Atlantic Ocean,2018,3.0,8.045533396196623
North Atlantic Ocean,2018,4.0,8.047491972690873
North Atlantic Ocean,2018,5.0,8.055180872427858
North Atlantic Ocean,2018,6.0,8.054494672590112
North Atlantic Ocean,2018,7.0,8.062735141275898
North Atlantic Ocean,2018,8.0,8.055027234812508
North Atlantic Ocean,2018,9.0,8.055742328759933
North Atlantic Ocean,2018,10.0,8.054772296603014
North Atlantic Ocean,2018,11.0,8.049616916938904
North Atlantic Ocean,2018,12.0,8.059537040952616
North Atlantic Ocean,2019,1.0,8.06154750565333
North Atlantic Ocean,2019,2.0,8.050714190537693
North Atlantic Ocean,2019,3.0,8.048895221855867
North Atlantic Ocean,2019,4.0,8.04828424066928
North Atlantic Ocean,2019,5.0,8.052270082393074
North Atlantic Ocean,2019,6.0,8.05194374263302
North Atlantic Ocean,2019,7.0,8.057380578776055
North Atlantic Ocean,2019,8.0,8.05512076183849
North Atlantic Ocean,2019,9.0,8.057084345161494
North Atlantic Ocean,2019,10.0,8.059052378313654
North Atlantic Ocean,2019,11.0,8.049700187496155
North Atlantic Ocean,2019,12.0,8.04454325230549
North Atlantic Ocean,2020,1.0,8.05768484266963
North Atlantic Ocean,2020,2.0,8.05063899589647
North Atlantic Ocean,2020,3.0,8.049019019279767
North Atlantic Ocean,2020,4.0,8.046477194847652
North Atlantic Ocean,2020,5.0,8.052673649406072
North Atlantic Ocean,2020,6.0,8.052405410863422
North Atlantic Ocean,2020,7.0,8.055214879701639
North Atlantic Ocean,2020,8.0,8.05761273619817
North Atlantic Ocean,2020,9.0,8.05138708446987
North Atlantic Ocean,2020,10.0,8.05786795547468
North Atlantic Ocean,2020,11.0,8.04829037502537
North Atlantic Ocean,2020,12.0,8.045342201464598
North Pacific Ocean,2011,1.0,8.080077446269765
North Pacific Ocean,2011,2.0,8.08147692197281
North Pacific Ocean,2011,3.0,8.083339798261292
North Pacific Ocean,2011,4.0,8.086809538773306
North Pacific Ocean,2011,5.0,8.084329954630913
North Pacific Ocean,2011,6.0,8.077584884651069
North Pacific Ocean,2011,7.0,8.072864296777711
North Pacific Ocean,2011,8.0,8.070406293890619
North Pacific Ocean,2011,9.0,8.074271620478834
North Pacific Ocean,2011,10.0,8.078369189383931
North Pacific Ocean,2011,11.0,8.081244328378261
North Pacific Ocean,2011,12.0,8.080599724024866
North Pacific Ocean,2012,1.0,8.07818801239951
North Pacific Ocean,2012,2.0,8.078906418474471
North Pacific Ocean,2012,3.0,8.080893287290795
North Pacific Ocean,2012,4.0,8.086281907736042
North Pacific Ocean,2012,5.0,8.085109706944321
North Pacific Ocean,2012,6.0,8.0732059084785
North Pacific Ocean,2012,7.0,8.069204171182806
North Pacific Ocean,2012,8.0,8.067572799703443
North Pacific Ocean,2012,9.0,8.070247169826754
North Pacific Ocean,2012,10.0,8.077812962562598
North Pacific Ocean,2012,11.0,8.08174374614173
North Pacific Ocean,2012,12.0,8.081637615415364
North Pacific Ocean,2013,1.0,8.0775566830963
North Pacific Ocean,2013,2.0,8.079745967994473
North Pacific Ocean,2013,3.0,8.08055523876316
North Pacific Ocean,2013,4.0,8.082640842712859
North Pacific Ocean,2013,5.0,8.08081427732788
North Pacific Ocean,2013,6.0,8.074031363103176
North Pacific Ocean,2013,7.0,8.06653053128996
North Pacific Ocean,2013,8.0,8.060958548990433
North Pacific Ocean,2013,9.0,8.066319203141587
North Pacific Ocean,2013,10.0,8.075044736938972
North Pacific Ocean,2013,11.0,8.07814847591166
North Pacific Ocean,2013,12.0,8.079989750752533
North Pacific Ocean,2014,1.0,8.07709685762832
North Pacific Ocean,2014,2.0,8.080734978806085
North Pacific Ocean,2014,3.0,8.083271557793562
North Pacific Ocean,2014,4.0,8.084872833334382
North Pacific Ocean,2014,5.0,8.082413991379248
North Pacific Ocean,2014,6.0,8.072766501214678
North Pacific Ocean,2014,7.0,8.066993908684907
North Pacific Ocean,2014,8.0,8.061875810138664
North Pacific Ocean,2014,9.0,8.065617541553806
North Pacific Ocean,2014,10.0,8.073910374052568
North Pacific Ocean,2014,11.0,8.07515566730897
North Pacific Ocean,2014,12.0,8.076888458129064
North Pacific Ocean,2015,1.0,8.075710440737003
North Pacific Ocean,2015,2.0,8.079585029560528
North Pacific Ocean,2015,3.0,8.082191715953398
North Pacific Ocean,2015,4.0,8.081230306706443
North Pacific Ocean,2015,5.0,8.078326616624707
North Pacific Ocean,2015,6.0,8.070761509111874
North Pacific Ocean,2015,7.0,8.065229925068758
North Pacific Ocean,2015,8.0,8.060244840420658
North Pacific Ocean,2015,9.0,8.06472451455382
North Pacific Ocean,2015,10.0,8.071941723114984
North Pacific Ocean,2015,11.0,8.072965492879547
North Pacific Ocean,2015,12.0,8.074481058438712
North Pacific Ocean,2016,1.0,8.073829377628554
North Pacific Ocean,2016,2.0,8.076948098113665
North Pacific Ocean,2016,3.0,8.078145519310015
North Pacific Ocean,2016,4.0,8.077711158341186
North Pacific Ocean,2016,5.0,8.077310317170623
North Pacific Ocean,2016,6.0,8.065222332926254
North Pacific Ocean,2016,7.0,8.05948259239839
North Pacific Ocean,2016,8.0,8.059824711953558
North Pacific Ocean,2016,9.0,8.05985507857567
North Pacific Ocean,2016,10.0,8.066117485370084
North Pacific Ocean,2016,11.0,8.068179265583698
North Pacific Ocean,2016,12.0,8.070483239072768
North Pacific Ocean,2017,1.0,8.072673963271907
North Pacific Ocean,2017,2.0,8.076248408142424
North Pacific Ocean,2017,3.0,8.07774330048006
North Pacific Ocean,2017,4.0,8.07704885394228
North Pacific Ocean,2017,5.0,8.074891121301707
North Pacific Ocean,2017,6.0,8.067798727838671
North Pacific Ocean,2017,7.0,8.058850795323503
North Pacific Ocean,2017,8.0,8.05359722232936
North Pacific Ocean,2017,9.0,8.057945246493388
North Pacific Ocean,2017,10.0,8.06582912020772
North Pacific Ocean,2017,11.0,8.070365283488343
North Pacific Ocean,2017,12.0,8.070177877771911
North Pacific Ocean,2018,1.0,8.070415981835279
North Pacific Ocean,2018,2.0,8.072914013621396
North Pacific Ocean,2018,3.0,8.076137073656156
North Pacific Ocean,2018,4.0,8.07722251001513
North Pacific Ocean,2018,5.0,8.075172672092908
North Pacific Ocean,2018,6.0,8.06604062115379
North Pacific Ocean,2018,7.0,8.061305941908527
North Pacific Ocean,2018,8.0,8.056746167744794
North Pacific Ocean,2018,9.0,8.060266198880058
North Pacific Ocean,2018,10.0,8.065841131766094
North Pacific Ocean,2018,11.0,8.070198165096143
North Pacific Ocean,2018,12.0,8.07271690184276
North Pacific Ocean,2019,1.0,8.071537177266231
North Pacific Ocean,2019,2.0,8.074004211814218
North Pacific Ocean,2019,3.0,8.073783476367673
North Pacific Ocean,2019,4.0,8.074489869362749
North Pacific Ocean,2019,5.0,8.074219552675379
North Pacific Ocean,2019,6.0,8.065772610360554
North Pacific Ocean,2019,7.0,8.056696207986533
North Pacific Ocean,2019,8.0,8.052644719280988
North Pacific Ocean,2019,9.0,8.056835064467014
North Pacific Ocean,2019,10.0,8.062653131691594
North Pacific Ocean,2019,11.0,8.067937949636283
North Pacific Ocean,2019,12.0,8.07027843141669
North Pacific Ocean,2020,1.0,8.070785214389192
North Pacific Ocean,2020,2.0,8.073677760999878
North Pacific Ocean,2020,3.0,8.075074805856772
North Pacific Ocean,2020,4.0,8.073915970261533
North Pacific Ocean,2020,5.0,8.070328794960364
North Pacific Ocean,2020,6.0,8.063370110345229
North Pacific Ocean,2020,7.0,8.054762981569342
North Pacific Ocean,2020,8.0,8.049328749606852
North Pacific Ocean,2020,9.0,8.051415512743633
North Pacific Ocean,2020,10.0,8.059709666486928
North Pacific Ocean,2020,11.0,8.065993067602
North Pacific Ocean,2020,12.0,8.066611463165259
South Atlantic Ocean,2011,1.0,8.074141476646714
South Atlantic Ocean,2011,2.0,8.069479872179418
South Atlantic Ocean,2011,3.0,8.066532721493452
South Atlantic Ocean,2011,4.0,8.067761973079351
South Atlantic Ocean,2011,5.0,8.070205948646485
South Atlantic Ocean,2011,6.0,8.068592612155777
South Atlantic Ocean,2011,7.0,8.066655346059296
South Atlantic Ocean,2011,8.0,8.068791804239822
South Atlantic Ocean,2011,9.0,8.06934840528099
South Atlantic Ocean,2011,10.0,8.070478527426213
South Atlantic Ocean,2011,11.0,8.07047277725708
South Atlantic Ocean,2011,12.0,8.075806392378862
South Atlantic Ocean,2012,1.0,8.07154352994307
South Atlantic Ocean,2012,2.0,8.067856917840647
South Atlantic Ocean,2012,3.0,8.06501206023807
South Atlantic Ocean,2012,4.0,8.066360705657189
South Atlantic Ocean,2012,5.0,8.064428630005356
South Atlantic Ocean,2012,6.0,8.066128715907562
South Atlantic Ocean,2012,7.0,8.063434560216772
South Atlantic Ocean,2012,8.0,8.06516789492342
South Atlantic Ocean,2012,9.0,8.066236071284017
South Atlantic Ocean,2012,10.0,8.0655898490467
South Atlantic Ocean,2012,11.0,8.071793381173554
South Atlantic Ocean,2012,12.0,8.076555584863755
South Atlantic Ocean,2013,1.0,8.069950142258994
South Atlantic Ocean,2013,2.0,8.065502570999865
South Atlantic Ocean,2013,3.0,8.064256102670532
South Atlantic Ocean,2013,4.0,8.066904682889673
South Atlantic Ocean,2013,5.0,8.06465183449099
South Atlantic Ocean,2013,6.0,8.063556839014163
South Atlantic Ocean,2013,7.0,8.061507046503992
South Atlantic Ocean,2013,8.0,8.062314648522465
South Atlantic Ocean,2013,9.0,8.062836749527065
South Atlantic Ocean,2013,10.0,8.065018975205826
South Atlantic Ocean,2013,11.0,8.06751050405254
South Atlantic Ocean,2013,12.0,8.072591273479322
South Atlantic Ocean,2014,1.0,8.066707755811496
South Atlantic Ocean,2014,2.0,8.061410190193522
South Atlantic Ocean,2014,3.0,8.062286966931755
South Atlantic Ocean,2014,4.0,8.065330878579337
South Atlantic Ocean,2014,5.0,8.06191662674414
South Atlantic Ocean,2014,6.0,8.06129812404553
South Atlantic Ocean,2014,7.0,8.061702602060022
South Atlantic Ocean,2014,8.0,8.064825306457909
South Atlantic Ocean,2014,9.0,8.064701236649224
South Atlantic Ocean,2014,10.0,8.06378263668547
South Atlantic Ocean,2014,11.0,8.06555001567409
South Atlantic Ocean,2014,12.0,8.068321168045488
South Atlantic Ocean,2015,1.0,8.064437318257738
South Atlantic Ocean,2015,2.0,8.063009278398242
South Atlantic Ocean,2015,3.0,8.05978980087938
South Atlantic Ocean,2015,4.0,8.06148473271564
South Atlantic Ocean,2015,5.0,8.05989236264334
South Atlantic Ocean,2015,6.0,8.060402544492058
South Atlantic Ocean,2015,7.0,8.057088975127883
South Atlantic Ocean,2015,8.0,8.061921586652083
South Atlantic Ocean,2015,9.0,8.063039591066053
South Atlantic Ocean,2015,10.0,8.06187866692556
South Atlantic Ocean,2015,11.0,8.0648439278284
South Atlantic Ocean,2015,12.0,8.07034324825537
South Atlantic Ocean,2016,1.0,8.065908693569432
South Atlantic Ocean,2016,2.0,8.059414826685586
South Atlantic Ocean,2016,3.0,8.057397468340698
South Atlantic Ocean,2016,4.0,8.058495867315713
South Atlantic Ocean,2016,5.0,8.05847358580714
South Atlantic Ocean,2016,6.0,8.05711266698549
South Atlantic Ocean,2016,7.0,8.058130369895379
South Atlantic Ocean,2016,8.0,8.059130711396211
South Atlantic Ocean,2016,9.0,8.060804129803431
South Atlantic Ocean,2016,10.0,8.060808021893493
South Atlantic Ocean,2016,11.0,8.062557017408148
South Atlantic Ocean,2016,12.0,8.067557023352782
South Atlantic Ocean,2017,1.0,8.063506026581116
South Atlantic Ocean,2017,2.0,8.058559677931465
South Atlantic Ocean,2017,3.0,8.05647824640851
South Atlantic Ocean,2017,4.0,8.059154411102558
South Atlantic Ocean,2017,5.0,8.057403687645746
South Atlantic Ocean,2017,6.0,8.054052304324596
South Atlantic Ocean,2017,7.0,8.056140247831125
South Atlantic Ocean,2017,8.0,8.057460424318927
South Atlantic Ocean,2017,9.0,8.058896755408039
South Atlantic Ocean,2017,10.0,8.05778416142784
South Atlantic Ocean,2017,11.0,8.059359151199756
South Atlantic Ocean,2017,12.0,8.061634975339473
South Atlantic Ocean,2018,1.0,8.0579737899898
South Atlantic Ocean,2018,2.0,8.054878150896975
South Atlantic Ocean,2018,3.0,8.05405928608111
South Atlantic Ocean,2018,4.0,8.054980187247923
South Atlantic Ocean,2018,5.0,8.05570986712746
South Atlantic Ocean,2018,6.0,8.054913798515486
South Atlantic Ocean,2018,7.0,8.056016966405386
South Atlantic Ocean,2018,8.0,8.054721514057684
South Atlantic Ocean,2018,9.0,8.056991419645787
South Atlantic Ocean,2018,10.0,8.057079832359697
South Atlantic Ocean,2018,11.0,8.058163210044842
South Atlantic Ocean,2018,12.0,8.061261226570885
South Atlantic Ocean,2019,1.0,8.059303594651599
South Atlantic Ocean,2019,2.0,8.054005660682426
South Atlantic Ocean,2019,3.0,8.051803892877654
South Atlantic Ocean,2019,4.0,8.054722013593961
South Atlantic Ocean,2019,5.0,8.054699906493536
South Atlantic Ocean,2019,6.0,8.05393454396911
South Atlantic Ocean,2019,7.0,8.051859107868008
South Atlantic Ocean,2019,8.0,8.053707508284997
South Atlantic Ocean,2019,9.0,8.056978023549837
South Atlantic Ocean,2019,10.0,8.054190517176957
South Atlantic Ocean,2019,11.0,8.057231914774304
South Atlantic Ocean,2019,12.0,8.06134147688857
South Atlantic Ocean,2020,1.0,8.05881233189189
South Atlantic Ocean,2020,2.0,8.056301012380558
South Atlantic Ocean,2020,3.0,8.054641717059637
South Atlantic Ocean,2020,4.0,8.052956739244749
South Atlantic Ocean,2020,5.0,8.052270643403105
South Atlantic Ocean,2020,6.0,8.053892263572443
South Atlantic Ocean,2020,7.0,8.051249602215261
South Atlantic Ocean,2020,8.0,8.049636807159144
South Atlantic Ocean,2020,9.0,8.052938476223613
South Atlantic Ocean,2020,10.0,8.052861872889281
South Atlantic Ocean,2020,11.0,8.055725441295595
South Atlantic Ocean,2020,12.0,8.059335612888654
South China and Easter Archipelagic Seas,2011,1.0,8.047550673462078
South China and Easter Archipelagic Seas,2011,2.0,8.047174446388992
South China and Easter Archipelagic Seas,2011,3.0,8.047528224926308
South China and Easter Archipelagic Seas,2011,4.0,8.049004490421336
South China and Easter Archipelagic Seas,2011,5.0,8.040510235899896
South China and Easter Archipelagic Seas,2011,6.0,8.04125713413517
South China and Easter Archipelagic Seas,2011,7.0,8.045454048679318
South China and Easter Archipelagic Seas,2011,8.0,8.048175569522556
South China and Easter Archipelagic Seas,2011,9.0,8.046772803645364
South China and Easter Archipelagic Seas,2011,10.0,8.050939629258147
South China and Easter Archipelagic Seas,2011,11.0,8.051113882286892
South China and Easter Archipelagic Seas,2011,12.0,8.054595799341316
South China and Easter Archipelagic Seas,2012,1.0,8.047087611492056
South China and Easter Archipelagic Seas,2012,2.0,8.046451102244516
South China and Easter Archipelagic Seas,2012,3.0,8.046292246679903
South China and Easter Archipelagic Seas,2012,4.0,8.044108889107068
South China and Easter Archipelagic Seas,2012,5.0,8.039120151829236
South China and Easter Archipelagic Seas,2012,6.0,8.04101391508458
South China and Easter Archipelagic Seas,2012,7.0,8.045265416321874
South China and Easter Archipelagic Seas,2012,8.0,8.050070763156508
South China and Easter Archipelagic Seas,2012,9.0,8.048939546039499
South China and Easter Archipelagic Seas,2012,10.0,8.050942808652659
South China and Easter Archipelagic Seas,2012,11.0,8.05045561986062
South China and Easter Archipelagic Seas,2012,12.0,8.052077020872712
South China and Easter Archipelagic Seas,2013,1.0,8.046024840873802
South China and Easter Archipelagic Seas,2013,2.0,8.047006281241243
South China and Easter Archipelagic Seas,2013,3.0,8.04552871345879
South China and Easter Archipelagic Seas,2013,4.0,8.042253962736307
South China and Easter Archipelagic Seas,2013,5.0,8.035149053827617
South China and Easter Archipelagic Seas,2013,6.0,8.03343043927885
South China and Easter Archipelagic Seas,2013,7.0,8.038979901101694
South China and Easter Archipelagic Seas,2013,8.0,8.047240196684298
South China and Easter Archipelagic Seas,2013,9.0,8.047749862059163
South China and Easter Archipelagic Seas,2013,10.0,8.048973445942904
South China and Easter Archipelagic Seas,2013,11.0,8.049253659348828
South China and Easter Archipelagic Seas,2013,12.0,8.052684517534459
South China and Easter Archipelagic Seas,2014,1.0,8.042579019107633
South China and Easter Archipelagic Seas,2014,2.0,8.045362676726292
South China and Easter Archipelagic Seas,2014,3.0,8.047347835596584
South China and Easter Archipelagic Seas,2014,4.0,8.04260820397372
South China and Easter Archipelagic Seas,2014,5.0,8.033130332129812
South China and Easter Archipelagic Seas,2014,6.0,8.0334168264267
South China and Easter Archipelagic Seas,2014,7.0,8.039039130124397
South China and Easter Archipelagic Seas,2014,8.0,8.045638387995439
South China and Easter Archipelagic Seas,2014,9.0,8.044335911794143
South China and Easter Archipelagic Seas,2014,10.0,8.047371166424487
South China and Easter Archipelagic Seas,2014,11.0,8.04746933122809
South China and Easter Archipelagic Seas,2014,12.0,8.05037620967897
South China and Easter Archipelagic Seas,2015,1.0,8.043107177924416
South China and Easter Archipelagic Seas,2015,2.0,8.04476457460452
South China and Easter Archipelagic Seas,2015,3.0,8.045212450570503
South China and Easter Archipelagic Seas,2015,4.0,8.043864181984006
South China and Easter Archipelagic Seas,2015,5.0,8.035529364740208
South China and Easter Archipelagic Seas,2015,6.0,8.032989929250466
South China and Easter Archipelagic Seas,2015,7.0,8.040741252474048
South China and Easter Archipelagic Seas,2015,8.0,8.043042870311162
South China and Easter Archipelagic Seas,2015,9.0,8.042089757882332
South China and Easter Archipelagic Seas,2015,10.0,8.043399719987704
South China and Easter Archipelagic Seas,2015,11.0,8.044042438083821
South China and Easter Archipelagic Seas,2015,12.0,8.046267316515639
South China and Easter Archipelagic Seas,2016,1.0,8.041871396380378
South China and Easter Archipelagic Seas,2016,2.0,8.042712619595795
South China and Easter Archipelagic Seas,2016,3.0,8.041158181832326
South China and Easter Archipelagic Seas,2016,4.0,8.037981614134472
South China and Easter Archipelagic Seas,2016,5.0,8.029119939294524
South China and Easter Archipelagic Seas,2016,6.0,8.027809865714739
South China and Easter Archipelagic Seas,2016,7.0,8.031582027526593
South China and Easter Archipelagic Seas,2016,8.0,8.037496508895405
South China and Easter Archipelagic Seas,2016,9.0,8.037535551461325
South China and Easter Archipelagic Seas,2016,10.0,8.039388453441438
South China and Easter Archipelagic Seas,2016,11.0,8.043494931599103
South China and Easter Archipelagic Seas,2016,12.0,8.047148876430338
South China and Easter Archipelagic Seas,2017,1.0,8.042554157071578
South China and Easter Archipelagic Seas,2017,2.0,8.04389101439259
South China and Easter Archipelagic Seas,2017,3.0,8.043948989000263
South China and Easter Archipelagic Seas,2017,4.0,8.042453146341154
South China and Easter Archipelagic Seas,2017,5.0,8.033833852929558
South China and Easter Archipelagic Seas,2017,6.0,8.034608301488602
South China and Easter Archipelagic Seas,2017,7.0,8.037888084177512
South China and Easter Archipelagic Seas,2017,8.0,8.041027626362599
South China and Easter Archipelagic Seas,2017,9.0,8.040649175803303
South China and Easter Archipelagic Seas,2017,10.0,8.042775026212352
South China and Easter Archipelagic Seas,2017,11.0,8.044694505688128
South China and Easter Archipelagic Seas,2017,12.0,8.048450888673328
South China and Easter Archipelagic Seas,2018,1.0,8.042450735982221
South China and Easter Archipelagic Seas,2018,2.0,8.042777209668836
South China and Easter Archipelagic Seas,2018,3.0,8.044403303863223
South China and Easter Archipelagic Seas,2018,4.0,8.04370956737
South China and Easter Archipelagic Seas,2018,5.0,8.034279885460242
South China and Easter Archipelagic Seas,2018,6.0,8.035833474969198
South China and Easter Archipelagic Seas,2018,7.0,8.040019861184623
South China and Easter Archipelagic Seas,2018,8.0,8.044375579184138
South China and Easter Archipelagic Seas,2018,9.0,8.04299278440654
South China and Easter Archipelagic Seas,2018,10.0,8.042799533103771
South China and Easter Archipelagic Seas,2018,11.0,8.043975998702994
South China and Easter Archipelagic Seas,2018,12.0,8.046929506957229
South China and Easter Archipelagic Seas,2019,1.0,8.04123729950076
South China and Easter Archipelagic Seas,2019,2.0,8.042118371800687
South China and Easter Archipelagic Seas,2019,3.0,8.042951929006994
South China and Easter Archipelagic Seas,2019,4.0,8.040566671619723
South China and Easter Archipelagic Seas,2019,5.0,8.032781249336356
South China and Easter Archipelagic Seas,2019,6.0,8.032154672624372
South China and Easter Archipelagic Seas,2019,7.0,8.03674517363844
South China and Easter Archipelagic Seas,2019,8.0,8.041627155000345
South China and Easter Archipelagic Seas,2019,9.0,8.043425315661432
South China and Easter Archipelagic Seas,2019,10.0,8.041329537519909
South China and Easter Archipelagic Seas,2019,11.0,8.042318912927724
South China and Easter Archipelagic Seas,2019,12.0,8.045829000111278
South China and Easter Archipelagic Seas,2020,1.0,8.04045596003032
South China and Easter Archipelagic Seas,2020,2.0,8.042047269696374
South China and Easter Archipelagic Seas,2020,3.0,8.041573132910807
South China and Easter Archipelagic Seas,2020,4.0,8.040418412328338
South China and Easter Archipelagic Seas,2020,5.0,8.031064739364313
South China and Easter Archipelagic Seas,2020,6.0,8.02909858052067
South China and Easter Archipelagic Seas,2020,7.0,8.033039891028885
South China and Easter Archipelagic Seas,2020,8.0,8.03781762050865
South China and Easter Archipelagic Seas,2020,9.0,8.035564414892503
South China and Easter Archipelagic Seas,2020,10.0,8.037896822110428
South China and Easter Archipelagic Seas,2020,11.0,8.042167609170756
South China and Easter Archipelagic Seas,2020,12.0,8.046762511601685
South Pacific Ocean,2011,1.0,8.072866846231525
South Pacific Ocean,2011,2.0,8.07294709326211
South Pacific Ocean,2011,3.0,8.075612076242699
South Pacific Ocean,2011,4.0,8.077514560678141
South Pacific Ocean,2011,5.0,8.077976086553907
South Pacific Ocean,2011,6.0,8.07756431944361
South Pacific Ocean,2011,7.0,8.07572670520082
South Pacific Ocean,2011,8.0,8.077153755088151
South Pacific Ocean,2011,9.0,8.077943182233223
South Pacific Ocean,2011,10.0,8.077237834165267
South Pacific Ocean,2011,11.0,8.077022703798347
South Pacific Ocean,2011,12.0,8.07397049112004
South Pacific Ocean,2012,1.0,8.073159810223656
South Pacific Ocean,2012,2.0,8.074254296164407
South Pacific Ocean,2012,3.0,8.074734198039968
South Pacific Ocean,2012,4.0,8.079130015820459
South Pacific Ocean,2012,5.0,8.079058081025984
South Pacific Ocean,2012,6.0,8.077552864609228
South Pacific Ocean,2012,7.0,8.076759689002511
South Pacific Ocean,2012,8.0,8.078280717448765
South Pacific Ocean,2012,9.0,8.078649891564007
South Pacific Ocean,2012,10.0,8.077447924257084
South Pacific Ocean,2012,11.0,8.079473725536737
South Pacific Ocean,2012,12.0,8.07727316590089
South Pacific Ocean,2013,1.0,8.074831536358042
South Pacific Ocean,2013,2.0,8.076231543385559
South Pacific Ocean,2013,3.0,8.077534245066364
South Pacific Ocean,2013,4.0,8.078454592815644
South Pacific Ocean,2013,5.0,8.077068317296236
South Pacific Ocean,2013,6.0,8.07633322467777
South Pacific Ocean,2013,7.0,8.074615963360092
South Pacific Ocean,2013,8.0,8.075653059121041
South Pacific Ocean,2013,9.0,8.076927391618025
South Pacific Ocean,2013,10.0,8.075750187790467
South Pacific Ocean,2013,11.0,8.075210986673088
South Pacific Ocean,2013,12.0,8.074282794605994
South Pacific Ocean,2014,1.0,8.0726977664894
South Pacific Ocean,2014,2.0,8.074381693051716
South Pacific Ocean,2014,3.0,8.076408201193871
South Pacific Ocean,2014,4.0,8.0776906736025
South Pacific Ocean,2014,5.0,8.076689689403892
South Pacific Ocean,2014,6.0,8.076818945377232
South Pacific Ocean,2014,7.0,8.074759467328986
South Pacific Ocean,2014,8.0,8.074026376979763
South Pacific Ocean,2014,9.0,8.076384775193748
South Pacific Ocean,2014,10.0,8.075076936422908
South Pacific Ocean,2014,11.0,8.075861459763901
South Pacific Ocean,2014,12.0,8.072883123993302
South Pacific Ocean,2015,1.0,8.06848348264646
South Pacific Ocean,2015,2.0,8.070322407452855
South Pacific Ocean,2015,3.0,8.072218491811464
South Pacific Ocean,2015,4.0,8.074884849859185
South Pacific Ocean,2015,5.0,8.073834691224869
South Pacific Ocean,2015,6.0,8.072744513152998
South Pacific Ocean,2015,7.0,8.072077249428814
South Pacific Ocean,2015,8.0,8.072264063298126
South Pacific Ocean,2015,9.0,8.075716891133846
South Pacific Ocean,2015,10.0,8.075172120615525
South Pacific Ocean,2015,11.0,8.074766049238017
South Pacific Ocean,2015,12.0,8.072337083134563
South Pacific Ocean,2016,1.0,8.068201942084778
South Pacific Ocean,2016,2.0,8.065668520747977
South Pacific Ocean,2016,3.0,8.066730889406731
South Pacific Ocean,2016,4.0,8.069329401885634
South Pacific Ocean,2016,5.0,8.070366756986289
South Pacific Ocean,2016,6.0,8.070751417782676
South Pacific Ocean,2016,7.0,8.069225628198629
South Pacific Ocean,2016,8.0,8.069853902686107
South Pacific Ocean,2016,9.0,8.07274072844713
South Pacific Ocean,2016,10.0,8.070416842073005
South Pacific Ocean,2016,11.0,8.068723036796586
South Pacific Ocean,2016,12.0,8.067075688719086
South Pacific Ocean,2017,1.0,8.065135065456243
South Pacific Ocean,2017,2.0,8.064407531591963
South Pacific Ocean,2017,3.0,8.064006618700486
South Pacific Ocean,2017,4.0,8.067241947911759
South Pacific Ocean,2017,5.0,8.068577199130944
South Pacific Ocean,2017,6.0,8.068224862716177
South Pacific Ocean,2017,7.0,8.068069333442915
South Pacific Ocean,2017,8.0,8.06862408889568
South Pacific Ocean,2017,9.0,8.069788800403142
South Pacific Ocean,2017,10.0,8.067356289861122
South Pacific Ocean,2017,11.0,8.06756855069398
South Pacific Ocean,2017,12.0,8.063747044176445
South Pacific Ocean,2018,1.0,8.062092860317533
South Pacific Ocean,2018,2.0,8.063149278429615
South Pacific Ocean,2018,3.0,8.063794643367258
South Pacific Ocean,2018,4.0,8.066473022598082
South Pacific Ocean,2018,5.0,8.067099013601736
South Pacific Ocean,2018,6.0,8.066690948408478
South Pacific Ocean,2018,7.0,8.065608949786974
South Pacific Ocean,2018,8.0,8.066436411350947
South Pacific Ocean,2018,9.0,8.0672969625084
South Pacific Ocean,2018,10.0,8.06710770258395
South Pacific Ocean,2018,11.0,8.069477359253339
South Pacific Ocean,2018,12.0,8.065332188354477
South Pacific Ocean,2019,1.0,8.063832715798329
South Pacific Ocean,2019,2.0,8.065462206530107
South Pacific Ocean,2019,3.0,8.065863072151785
South Pacific Ocean,2019,4.0,8.066141368224153
South Pacific Ocean,2019,5.0,8.06627489500789
South Pacific Ocean,2019,6.0,8.066349554655424
South Pacific Ocean,2019,7.0,8.06534795018167
South Pacific Ocean,2019,8.0,8.063963305124776
South Pacific Ocean,2019,9.0,8.06625172144077
South Pacific Ocean,2019,10.0,8.065993525737296
South Pacific Ocean,2019,11.0,8.068352419443432
South Pacific Ocean,2019,12.0,8.065202495623012
South Pacific Ocean,2020,1.0,8.062713204719916
South Pacific Ocean,2020,2.0,8.060551823041147
South Pacific Ocean,2020,3.0,8.061652487356731
South Pacific Ocean,2020,4.0,8.063109367471192
South Pacific Ocean,2020,5.0,8.062592710009508
South Pacific Ocean,2020,6.0,8.060785068701252
South Pacific Ocean,2020,7.0,8.060322705658704
South Pacific Ocean,2020,8.0,8.059661503179978
South Pacific Ocean,2020,9.0,8.06094499721856
South Pacific Ocean,2020,10.0,8.059320960118738
South Pacific Ocean,2020,11.0,8.058697089581212
South Pacific Ocean,2020,12.0,8.05718027385193
Southern Ocean,2011,1.0,8.094751231289406
Southern Ocean,2011,2.0,8.08996515799576
Southern Ocean,2011,3.0,8.080666210955417
Southern Ocean,2011,4.0,8.053086254572705
Southern Ocean,2011,5.0,8.049265008089664
Southern Ocean,2011,6.0,8.047483660287305
Southern Ocean,2011,7.0,8.047192895024848
Southern Ocean,2011,8.0,8.04705037760007
Southern Ocean,2011,9.0,8.049950101760526
Southern Ocean,2011,10.0,8.051068590827711
Southern Ocean,2011,11.0,8.062388012053963
Southern Ocean,2011,12.0,8.074466447213208
Southern Ocean,2012,1.0,8.086400896247387
Southern Ocean,2012,2.0,8.082497295400369
Southern Ocean,2012,3.0,8.077572440451773
Southern Ocean,2012,4.0,8.051399145708661
Southern Ocean,2012,5.0,8.048346524960893
Southern Ocean,2012,6.0,8.046896770081554
Southern Ocean,2012,7.0,8.04628258020287
Southern Ocean,2012,8.0,8.046415524077545
Southern Ocean,2012,9.0,8.048563143282928
Southern Ocean,2012,10.0,8.049830888361964
Southern Ocean,2012,11.0,8.061523381263221
Southern Ocean,2012,12.0,8.074161400855473
Southern Ocean,2013,1.0,8.075786767368887
Southern Ocean,2013,2.0,8.07220915448604
Southern Ocean,2013,3.0,8.07016122872912
Southern Ocean,2013,4.0,8.05263967246004
Southern Ocean,2013,5.0,8.047794605793742
Southern Ocean,2013,6.0,8.046091489914064
Southern Ocean,2013,7.0,8.045866765954269
Southern Ocean,2013,8.0,8.045587057597041
Southern Ocean,2013,9.0,8.047969602192143
Southern Ocean,2013,10.0,8.049696630619577
Southern Ocean,2013,11.0,8.056698189262299
Southern Ocean,2013,12.0,8.074692951102454
Southern Ocean,2014,1.0,8.082449055480307
Southern Ocean,2014,2.0,8.07587710043817
Southern Ocean,2014,3.0,8.072813948836972
Southern Ocean,2014,4.0,8.051590768676476
Southern Ocean,2014,5.0,8.047220827581313
Southern Ocean,2014,6.0,8.045972844616767
Southern Ocean,2014,7.0,8.045190661698868
Southern Ocean,2014,8.0,8.04534136024949
Southern Ocean,2014,9.0,8.047558367771003
Southern Ocean,2014,10.0,8.049943536947172
Southern Ocean,2014,11.0,8.061627479552639
Southern Ocean,2014,12.0,8.076772007781624
Southern Ocean,2015,1.0,8.08441267344258
Southern Ocean,2015,2.0,8.082592636059086
Southern Ocean,2015,3.0,8.073891473302822
Southern Ocean,2015,4.0,8.050553261181639
Southern Ocean,2015,5.0,8.047148604177961
Southern Ocean,2015,6.0,8.045715858338605
Southern Ocean,2015,7.0,8.04502407890252
Southern Ocean,2015,8.0,8.044707368585627
Southern Ocean,2015,9.0,8.047615498471366
Southern Ocean,2015,10.0,8.048442797966167
Southern Ocean,2015,11.0,8.060327011336621
Southern Ocean,2015,12.0,8.086560265022973
Southern Ocean,2016,1.0,8.098526020026533
Southern Ocean,2016,2.0,8.095610373985046
Southern Ocean,2016,3.0,8.077742060726974
Southern Ocean,2016,4.0,8.050734080756284
Southern Ocean,2016,5.0,8.047367642340731
Southern Ocean,2016,6.0,8.045641602616573
Southern Ocean,2016,7.0,8.045128066414819
Southern Ocean,2016,8.0,8.044973180950945
Southern Ocean,2016,9.0,8.048260399348168
Southern Ocean,2016,10.0,8.052106827119752
Southern Ocean,2016,11.0,8.065884556544077
Southern Ocean,2016,12.0,8.079481219419218
Southern Ocean,2017,1.0,8.080049903831506
Southern Ocean,2017,2.0,8.077129466056114
Southern Ocean,2017,3.0,8.075774075878874
Southern Ocean,2017,4.0,8.051624422907121
Southern Ocean,2017,5.0,8.04693226318472
Southern Ocean,2017,6.0,8.04503004357381
Southern Ocean,2017,7.0,8.044712118792747
Southern Ocean,2017,8.0,8.044243692843112
Southern Ocean,2017,9.0,8.047537509057436
Southern Ocean,2017,10.0,8.048645082528884
Southern Ocean,2017,11.0,8.062604122079737
Southern Ocean,2017,12.0,8.079528142660923
Southern Ocean,2018,1.0,8.082767000115771
Southern Ocean,2018,2.0,8.080681993362832
Southern Ocean,2018,3.0,8.073256603036556
Southern Ocean,2018,4.0,8.051814992205856
Southern Ocean,2018,5.0,8.04684322789298
Southern Ocean,2018,6.0,8.045033295416918
Southern Ocean,2018,7.0,8.044184304879515
Southern Ocean,2018,8.0,8.043941581915986
Southern Ocean,2018,9.0,8.046801007441774
Southern Ocean,2018,10.0,8.04929125972646
Southern Ocean,2018,11.0,8.060292737608473
Southern Ocean,2018,12.0,8.07544563127036
Southern Ocean,2019,1.0,8.087907610181398
Southern Ocean,2019,2.0,8.085436214891502
Southern Ocean,2019,3.0,8.075388170891635
Southern Ocean,2019,4.0,8.051159170363666
Southern Ocean,2019,5.0,8.046278618328188
Southern Ocean,2019,6.0,8.044579619577908
Southern Ocean,2019,7.0,8.044025647189514
Southern Ocean,2019,8.0,8.043176986131892
Southern Ocean,2019,9.0,8.045602492474446
Southern Ocean,2019,10.0,8.049539538961646
Southern Ocean,2019,11.0,8.06488189378715
Southern Ocean,2019,12.0,8.083708825024589
Southern Ocean,2020,1.0,8.088277985220786
Southern Ocean,2020,2.0,8.08286350539971
Southern Ocean,2020,3.0,8.074196239001246
Southern Ocean,2020,4.0,8.050313946471473
Southern Ocean,2020,5.0,8.04616009367187
Southern Ocean,2020,6.0,8.044379959803333
Southern Ocean,2020,7.0,8.043929035520415
Southern Ocean,2020,8.0,8.04287173088845
Southern Ocean,2020,9.0,8.045861203492175
Southern Ocean,2020,10.0,8.047743371840284
Southern Ocean,2020,11.0,8.060382079718499
Southern Ocean,2020,12.0,8.078718716444651
